frame,source_path,raw_markers,raw_charuco_corners,perspective_markers,perspective_charuco_corners,selected_source,selected_markers,selected_charuco_corners,gain_over_raw,useful_for_calibration,selected_detection_image,selected_rectified_image
frame_000000,/Users/nilamaitrachaity/Desktop/equirectangular_charuco_calibration/data/raw_frames/frame_000000.jpg,9,8,7,7,raw,9,8,0,True,/Users/nilamaitrachaity/Desktop/equirectangular_charuco_calibration/results/hybrid_detection_selection/selected_detection/frame_000000_selected_raw_detection.jpg,
frame_000030,/Users/nilamaitrachaity/Desktop/equirectangular_charuco_calibration/data/raw_frames/frame_000030.jpg,11,9,7,3,raw,11,9,0,True,/Users/nilamaitrachaity/Desktop/equirectangular_charuco_calibration/results/hybrid_detection_selection/selected_detection/frame_000030_selected_raw_detection.jpg,
frame_000060,/Users/nilamaitrachaity/Desktop/equirectangular_charuco_calibration/data/raw_frames/frame_000060.jpg,9,9,7,0,raw,9,9,0,True,/Users/nilamaitrachaity/Desktop/equirectangular_charuco_calibration/results/hybrid_detection_selection/selected_detection/frame_000060_selected_raw_detection.jpg,
frame_000090,/Users/nilamaitrachaity/Desktop/equirectangular_charuco_calibration/data/raw_frames/frame_000090.jpg,9,9,4,0,raw,9,9,0,True,/Users/nilamaitrachaity/Desktop/equirectangular_charuco_calibration/results/hybrid_detection_selection/selected_detection/frame_000090_selected_raw_detection.jpg,
frame_000120,/Users/nilamaitrachaity/Desktop/equirectangular_charuco_calibration/data/raw_frames/frame_000120.jpg,11,8,6,3,raw,11,8,0,True,/Users/nilamaitrachaity/Desktop/equirectangular_charuco_calibration/results/hybrid_detection_selection/selected_detection/frame_000120_selected_raw_detection.jpg,
frame_000150,/Users/nilamaitrachaity/Desktop/equirectangular_charuco_calibration/data/raw_frames/frame_000150.jpg,10,9,7,6,raw,10,9,0,True,/Users/nilamaitrachaity/Desktop/equirectangular_charuco_calibration/results/hybrid_detection_selection/selected_detection/frame_000150_selected_raw_detection.jpg,
frame_000180,/Users/nilamaitrachaity/Desktop/equirectangular_charuco_calibration/data/raw_frames/frame_000180.jpg,9,9,6,6,raw,9,9,0,True,/Users/nilamaitrachaity/Desktop/equirectangular_charuco_calibration/results/hybrid_detection_selection/selected_detection/frame_000180_selected_raw_detection.jpg,
frame_000210,/Users/nilamaitrachaity/Desktop/equirectangular_charuco_calibration/data/raw_frames/frame_000210.jpg,10,10,6,3,raw,10,10,0,True,/Users/nilamaitrachaity/Desktop/equirectangular_charuco_calibration/results/hybrid_detection_selection/selected_detection/frame_000210_selected_raw_detection.jpg,
frame_000240,/Users/nilamaitrachaity/Desktop/equirectangular_charuco_calibration/data/raw_frames/frame_000240.jpg,11,10,4,0,raw,11,10,0,True,/Users/nilamaitrachaity/Desktop/equirectangular_charuco_calibration/results/hybrid_detection_selection/selected_detection/frame_000240_selected_raw_detection.jpg,
frame_000270,/Users/nilamaitrachaity/Desktop/equirectangular_charuco_calibration/data/raw_frames/frame_000270.jpg,8,7,5,3,raw,8,7,0,True,/Users/nilamaitrachaity/Desktop/equirectangular_charuco_calibration/results/hybrid_detection_selection/selected_detection/frame_000270_selected_raw_detection.jpg,
frame_000300,/Users/nilamaitrachaity/Desktop/equirectangular_charuco_calibration/data/raw_frames/frame_000300.jpg,11,8,6,4,raw,11,8,0,True,/Users/nilamaitrachaity/Desktop/equirectangular_charuco_calibration/results/hybrid_detection_selection/selected_detection/frame_000300_selected_raw_detection.jpg,
frame_000330,/Users/nilamaitrachaity/Desktop/equirectangular_charuco_calibration/data/raw_frames/frame_000330.jpg,9,9,5,2,raw,9,9,0,True,/Users/nilamaitrachaity/Desktop/equirectangular_charuco_calibration/results/hybrid_detection_selection/selected_detection/frame_000330_selected_raw_detection.jpg,
frame_001050,/Users/nilamaitrachaity/Desktop/equirectangular_charuco_calibration/data/raw_frames/frame_001050.jpg,6,5,5,0,raw,6,5,0,True,/Users/nilamaitrachaity/Desktop/equirectangular_charuco_calibration/results/hybrid_detection_selection/selected_detection/frame_001050_selected_raw_detection.jpg,
frame_001080,/Users/nilamaitrachaity/Desktop/equirectangular_charuco_calibration/data/raw_frames/frame_001080.jpg,7,5,5,0,raw,7,5,0,True,/Users/nilamaitrachaity/Desktop/equirectangular_charuco_calibration/results/hybrid_detection_selection/selected_detection/frame_001080_selected_raw_detection.jpg,
frame_001140,/Users/nilamaitrachaity/Desktop/equirectangular_charuco_calibration/data/raw_frames/frame_001140.jpg,6,4,6,1,raw,6,4,0,True,/Users/nilamaitrachaity/Desktop/equirectangular_charuco_calibration/results/hybrid_detection_selection/selected_detection/frame_001140_selected_raw_detection.jpg,
frame_001170,/Users/nilamaitrachaity/Desktop/equirectangular_charuco_calibration/data/raw_frames/frame_001170.jpg,8,4,7,1,raw,8,4,0,True,/Users/nilamaitrachaity/Desktop/equirectangular_charuco_calibration/results/hybrid_detection_selection/selected_detection/frame_001170_selected_raw_detection.jpg,
frame_001230,/Users/nilamaitrachaity/Desktop/equirectangular_charuco_calibration/data/raw_frames/frame_001230.jpg,7,4,5,1,raw,7,4,0,True,/Users/nilamaitrachaity/Desktop/equirectangular_charuco_calibration/results/hybrid_detection_selection/selected_detection/frame_001230_selected_raw_detection.jpg,
frame_002280,/Users/nilamaitrachaity/Desktop/equirectangular_charuco_calibration/data/raw_frames/frame_002280.jpg,6,4,8,4,raw,6,4,0,True,/Users/nilamaitrachaity/Desktop/equirectangular_charuco_calibration/results/hybrid_detection_selection/selected_detection/frame_002280_selected_raw_detection.jpg,
frame_002340,/Users/nilamaitrachaity/Desktop/equirectangular_charuco_calibration/data/raw_frames/frame_002340.jpg,4,2,5,4,perspective,5,4,2,True,/Users/nilamaitrachaity/Desktop/equirectangular_charuco_calibration/results/hybrid_detection_selection/selected_detection/frame_002340_selected_perspective_detection.jpg,/Users/nilamaitrachaity/Desktop/equirectangular_charuco_calibration/results/hybrid_detection_selection/selected_perspective/frame_002340_perspective_selected_rectified.jpg
frame_002490,/Users/nilamaitrachaity/Desktop/equirectangular_charuco_calibration/data/raw_frames/frame_002490.jpg,2,0,6,4,perspective,6,4,4,True,/Users/nilamaitrachaity/Desktop/equirectangular_charuco_calibration/results/hybrid_detection_selection/selected_detection/frame_002490_selected_perspective_detection.jpg,/Users/nilamaitrachaity/Desktop/equirectangular_charuco_calibration/results/hybrid_detection_selection/selected_perspective/frame_002490_perspective_selected_rectified.jpg
frame_002580,/Users/nilamaitrachaity/Desktop/equirectangular_charuco_calibration/data/raw_frames/frame_002580.jpg,7,2,9,4,perspective,9,4,2,True,/Users/nilamaitrachaity/Desktop/equirectangular_charuco_calibration/results/hybrid_detection_selection/selected_detection/frame_002580_selected_perspective_detection.jpg,/Users/nilamaitrachaity/Desktop/equirectangular_charuco_calibration/results/hybrid_detection_selection/selected_perspective/frame_002580_perspective_selected_rectified.jpg
frame_002610,/Users/nilamaitrachaity/Desktop/equirectangular_charuco_calibration/data/raw_frames/frame_002610.jpg,6,3,8,4,perspective,8,4,1,True,/Users/nilamaitrachaity/Desktop/equirectangular_charuco_calibration/results/hybrid_detection_selection/selected_detection/frame_002610_selected_perspective_detection.jpg,/Users/nilamaitrachaity/Desktop/equirectangular_charuco_calibration/results/hybrid_detection_selection/selected_perspective/frame_002610_perspective_selected_rectified.jpg
frame_002670,/Users/nilamaitrachaity/Desktop/equirectangular_charuco_calibration/data/raw_frames/frame_002670.jpg,6,4,5,0,raw,6,4,0,True,/Users/nilamaitrachaity/Desktop/equirectangular_charuco_calibration/results/hybrid_detection_selection/selected_detection/frame_002670_selected_raw_detection.jpg,
frame_002880,/Users/nilamaitrachaity/Desktop/equirectangular_charuco_calibration/data/raw_frames/frame_002880.jpg,6,3,6,4,perspective,6,4,1,True,/Users/nilamaitrachaity/Desktop/equirectangular_charuco_calibration/results/hybrid_detection_selection/selected_detection/frame_002880_selected_perspective_detection.jpg,/Users/nilamaitrachaity/Desktop/equirectangular_charuco_calibration/results/hybrid_detection_selection/selected_perspective/frame_002880_perspective_selected_rectified.jpg
frame_002910,/Users/nilamaitrachaity/Desktop/equirectangular_charuco_calibration/data/raw_frames/frame_002910.jpg,7,3,8,5,perspective,8,5,2,True,/Users/nilamaitrachaity/Desktop/equirectangular_charuco_calibration/results/hybrid_detection_selection/selected_detection/frame_002910_selected_perspective_detection.jpg,/Users/nilamaitrachaity/Desktop/equirectangular_charuco_calibration/results/hybrid_detection_selection/selected_perspective/frame_002910_perspective_selected_rectified.jpg
frame_002940,/Users/nilamaitrachaity/Desktop/equirectangular_charuco_calibration/data/raw_frames/frame_002940.jpg,10,9,12,12,perspective,12,12,3,True,/Users/nilamaitrachaity/Desktop/equirectangular_charuco_calibration/results/hybrid_detection_selection/selected_detection/frame_002940_selected_perspective_detection.jpg,/Users/nilamaitrachaity/Desktop/equirectangular_charuco_calibration/results/hybrid_detection_selection/selected_perspective/frame_002940_perspective_selected_rectified.jpg
frame_002970,/Users/nilamaitrachaity/Desktop/equirectangular_charuco_calibration/data/raw_frames/frame_002970.jpg,8,8,7,7,raw,8,8,0,True,/Users/nilamaitrachaity/Desktop/equirectangular_charuco_calibration/results/hybrid_detection_selection/selected_detection/frame_002970_selected_raw_detection.jpg,
frame_003000,/Users/nilamaitrachaity/Desktop/equirectangular_charuco_calibration/data/raw_frames/frame_003000.jpg,7,7,8,5,raw,7,7,0,True,/Users/nilamaitrachaity/Desktop/equirectangular_charuco_calibration/results/hybrid_detection_selection/selected_detection/frame_003000_selected_raw_detection.jpg,
frame_003030,/Users/nilamaitrachaity/Desktop/equirectangular_charuco_calibration/data/raw_frames/frame_003030.jpg,8,7,8,7,raw,8,7,0,True,/Users/nilamaitrachaity/Desktop/equirectangular_charuco_calibration/results/hybrid_detection_selection/selected_detection/frame_003030_selected_raw_detection.jpg,
frame_003060,/Users/nilamaitrachaity/Desktop/equirectangular_charuco_calibration/data/raw_frames/frame_003060.jpg,8,8,9,10,perspective,9,10,2,True,/Users/nilamaitrachaity/Desktop/equirectangular_charuco_calibration/results/hybrid_detection_selection/selected_detection/frame_003060_selected_perspective_detection.jpg,/Users/nilamaitrachaity/Desktop/equirectangular_charuco_calibration/results/hybrid_detection_selection/selected_perspective/frame_003060_perspective_selected_rectified.jpg
frame_003090,/Users/nilamaitrachaity/Desktop/equirectangular_charuco_calibration/data/raw_frames/frame_003090.jpg,9,9,7,6,raw,9,9,0,True,/Users/nilamaitrachaity/Desktop/equirectangular_charuco_calibration/results/hybrid_detection_selection/selected_detection/frame_003090_selected_raw_detection.jpg,
frame_003120,/Users/nilamaitrachaity/Desktop/equirectangular_charuco_calibration/data/raw_frames/frame_003120.jpg,8,9,9,8,raw,8,9,0,True,/Users/nilamaitrachaity/Desktop/equirectangular_charuco_calibration/results/hybrid_detection_selection/selected_detection/frame_003120_selected_raw_detection.jpg,
frame_003150,/Users/nilamaitrachaity/Desktop/equirectangular_charuco_calibration/data/raw_frames/frame_003150.jpg,8,9,7,7,raw,8,9,0,True,/Users/nilamaitrachaity/Desktop/equirectangular_charuco_calibration/results/hybrid_detection_selection/selected_detection/frame_003150_selected_raw_detection.jpg,
frame_003180,/Users/nilamaitrachaity/Desktop/equirectangular_charuco_calibration/data/raw_frames/frame_003180.jpg,8,8,8,8,raw,8,8,0,True,/Users/nilamaitrachaity/Desktop/equirectangular_charuco_calibration/results/hybrid_detection_selection/selected_detection/frame_003180_selected_raw_detection.jpg,
frame_003210,/Users/nilamaitrachaity/Desktop/equirectangular_charuco_calibration/data/raw_frames/frame_003210.jpg,9,9,10,11,perspective,10,11,2,True,/Users/nilamaitrachaity/Desktop/equirectangular_charuco_calibration/results/hybrid_detection_selection/selected_detection/frame_003210_selected_perspective_detection.jpg,/Users/nilamaitrachaity/Desktop/equirectangular_charuco_calibration/results/hybrid_detection_selection/selected_perspective/frame_003210_perspective_selected_rectified.jpg
frame_003240,/Users/nilamaitrachaity/Desktop/equirectangular_charuco_calibration/data/raw_frames/frame_003240.jpg,6,4,6,3,raw,6,4,0,True,/Users/nilamaitrachaity/Desktop/equirectangular_charuco_calibration/results/hybrid_detection_selection/selected_detection/frame_003240_selected_raw_detection.jpg,
frame_003270,/Users/nilamaitrachaity/Desktop/equirectangular_charuco_calibration/data/raw_frames/frame_003270.jpg,6,6,7,6,raw,6,6,0,True,/Users/nilamaitrachaity/Desktop/equirectangular_charuco_calibration/results/hybrid_detection_selection/selected_detection/frame_003270_selected_raw_detection.jpg,
frame_003300,/Users/nilamaitrachaity/Desktop/equirectangular_charuco_calibration/data/raw_frames/frame_003300.jpg,7,6,7,5,raw,7,6,0,True,/Users/nilamaitrachaity/Desktop/equirectangular_charuco_calibration/results/hybrid_detection_selection/selected_detection/frame_003300_selected_raw_detection.jpg,
frame_003330,/Users/nilamaitrachaity/Desktop/equirectangular_charuco_calibration/data/raw_frames/frame_003330.jpg,6,4,9,9,perspective,9,9,5,True,/Users/nilamaitrachaity/Desktop/equirectangular_charuco_calibration/results/hybrid_detection_selection/selected_detection/frame_003330_selected_perspective_detection.jpg,/Users/nilamaitrachaity/Desktop/equirectangular_charuco_calibration/results/hybrid_detection_selection/selected_perspective/frame_003330_perspective_selected_rectified.jpg
frame_003360,/Users/nilamaitrachaity/Desktop/equirectangular_charuco_calibration/data/raw_frames/frame_003360.jpg,6,4,7,4,raw,6,4,0,True,/Users/nilamaitrachaity/Desktop/equirectangular_charuco_calibration/results/hybrid_detection_selection/selected_detection/frame_003360_selected_raw_detection.jpg,
frame_003390,/Users/nilamaitrachaity/Desktop/equirectangular_charuco_calibration/data/raw_frames/frame_003390.jpg,7,6,8,7,perspective,8,7,1,True,/Users/nilamaitrachaity/Desktop/equirectangular_charuco_calibration/results/hybrid_detection_selection/selected_detection/frame_003390_selected_perspective_detection.jpg,/Users/nilamaitrachaity/Desktop/equirectangular_charuco_calibration/results/hybrid_detection_selection/selected_perspective/frame_003390_perspective_selected_rectified.jpg
frame_003420,/Users/nilamaitrachaity/Desktop/equirectangular_charuco_calibration/data/raw_frames/frame_003420.jpg,6,4,8,7,perspective,8,7,3,True,/Users/nilamaitrachaity/Desktop/equirectangular_charuco_calibration/results/hybrid_detection_selection/selected_detection/frame_003420_selected_perspective_detection.jpg,/Users/nilamaitrachaity/Desktop/equirectangular_charuco_calibration/results/hybrid_detection_selection/selected_perspective/frame_003420_perspective_selected_rectified.jpg
frame_003450,/Users/nilamaitrachaity/Desktop/equirectangular_charuco_calibration/data/raw_frames/frame_003450.jpg,7,7,8,7,raw,7,7,0,True,/Users/nilamaitrachaity/Desktop/equirectangular_charuco_calibration/results/hybrid_detection_selection/selected_detection/frame_003450_selected_raw_detection.jpg,
frame_003480,/Users/nilamaitrachaity/Desktop/equirectangular_charuco_calibration/data/raw_frames/frame_003480.jpg,8,8,10,8,raw,8,8,0,True,/Users/nilamaitrachaity/Desktop/equirectangular_charuco_calibration/results/hybrid_detection_selection/selected_detection/frame_003480_selected_raw_detection.jpg,
frame_003510,/Users/nilamaitrachaity/Desktop/equirectangular_charuco_calibration/data/raw_frames/frame_003510.jpg,5,4,5,4,raw,5,4,0,True,/Users/nilamaitrachaity/Desktop/equirectangular_charuco_calibration/results/hybrid_detection_selection/selected_detection/frame_003510_selected_raw_detection.jpg,
frame_003570,/Users/nilamaitrachaity/Desktop/equirectangular_charuco_calibration/data/raw_frames/frame_003570.jpg,5,5,6,5,raw,5,5,0,True,/Users/nilamaitrachaity/Desktop/equirectangular_charuco_calibration/results/hybrid_detection_selection/selected_detection/frame_003570_selected_raw_detection.jpg,
frame_003600,/Users/nilamaitrachaity/Desktop/equirectangular_charuco_calibration/data/raw_frames/frame_003600.jpg,5,5,5,4,raw,5,5,0,True,/Users/nilamaitrachaity/Desktop/equirectangular_charuco_calibration/results/hybrid_detection_selection/selected_detection/frame_003600_selected_raw_detection.jpg,
frame_003630,/Users/nilamaitrachaity/Desktop/equirectangular_charuco_calibration/data/raw_frames/frame_003630.jpg,5,5,5,5,raw,5,5,0,True,/Users/nilamaitrachaity/Desktop/equirectangular_charuco_calibration/results/hybrid_detection_selection/selected_detection/frame_003630_selected_raw_detection.jpg,
frame_003660,/Users/nilamaitrachaity/Desktop/equirectangular_charuco_calibration/data/raw_frames/frame_003660.jpg,6,4,5,5,perspective,5,5,1,True,/Users/nilamaitrachaity/Desktop/equirectangular_charuco_calibration/results/hybrid_detection_selection/selected_detection/frame_003660_selected_perspective_detection.jpg,/Users/nilamaitrachaity/Desktop/equirectangular_charuco_calibration/results/hybrid_detection_selection/selected_perspective/frame_003660_perspective_selected_rectified.jpg
frame_003690,/Users/nilamaitrachaity/Desktop/equirectangular_charuco_calibration/data/raw_frames/frame_003690.jpg,5,5,5,5,raw,5,5,0,True,/Users/nilamaitrachaity/Desktop/equirectangular_charuco_calibration/results/hybrid_detection_selection/selected_detection/frame_003690_selected_raw_detection.jpg,
frame_003720,/Users/nilamaitrachaity/Desktop/equirectangular_charuco_calibration/data/raw_frames/frame_003720.jpg,5,5,6,5,raw,5,5,0,True,/Users/nilamaitrachaity/Desktop/equirectangular_charuco_calibration/results/hybrid_detection_selection/selected_detection/frame_003720_selected_raw_detection.jpg,
frame_003750,/Users/nilamaitrachaity/Desktop/equirectangular_charuco_calibration/data/raw_frames/frame_003750.jpg,5,5,4,4,raw,5,5,0,True,/Users/nilamaitrachaity/Desktop/equirectangular_charuco_calibration/results/hybrid_detection_selection/selected_detection/frame_003750_selected_raw_detection.jpg,
frame_003780,/Users/nilamaitrachaity/Desktop/equirectangular_charuco_calibration/data/raw_frames/frame_003780.jpg,5,5,3,2,raw,5,5,0,True,/Users/nilamaitrachaity/Desktop/equirectangular_charuco_calibration/results/hybrid_detection_selection/selected_detection/frame_003780_selected_raw_detection.jpg,
frame_003810,/Users/nilamaitrachaity/Desktop/equirectangular_charuco_calibration/data/raw_frames/frame_003810.jpg,5,5,4,4,raw,5,5,0,True,/Users/nilamaitrachaity/Desktop/equirectangular_charuco_calibration/results/hybrid_detection_selection/selected_detection/frame_003810_selected_raw_detection.jpg,
frame_003840,/Users/nilamaitrachaity/Desktop/equirectangular_charuco_calibration/data/raw_frames/frame_003840.jpg,5,5,2,1,raw,5,5,0,True,/Users/nilamaitrachaity/Desktop/equirectangular_charuco_calibration/results/hybrid_detection_selection/selected_detection/frame_003840_selected_raw_detection.jpg,
frame_003960,/Users/nilamaitrachaity/Desktop/equirectangular_charuco_calibration/data/raw_frames/frame_003960.jpg,4,3,5,4,perspective,5,4,1,True,/Users/nilamaitrachaity/Desktop/equirectangular_charuco_calibration/results/hybrid_detection_selection/selected_detection/frame_003960_selected_perspective_detection.jpg,/Users/nilamaitrachaity/Desktop/equirectangular_charuco_calibration/results/hybrid_detection_selection/selected_perspective/frame_003960_perspective_selected_rectified.jpg
frame_003990,/Users/nilamaitrachaity/Desktop/equirectangular_charuco_calibration/data/raw_frames/frame_003990.jpg,4,3,5,4,perspective,5,4,1,True,/Users/nilamaitrachaity/Desktop/equirectangular_charuco_calibration/results/hybrid_detection_selection/selected_detection/frame_003990_selected_perspective_detection.jpg,/Users/nilamaitrachaity/Desktop/equirectangular_charuco_calibration/results/hybrid_detection_selection/selected_perspective/frame_003990_perspective_selected_rectified.jpg
frame_004020,/Users/nilamaitrachaity/Desktop/equirectangular_charuco_calibration/data/raw_frames/frame_004020.jpg,4,3,5,4,perspective,5,4,1,True,/Users/nilamaitrachaity/Desktop/equirectangular_charuco_calibration/results/hybrid_detection_selection/selected_detection/frame_004020_selected_perspective_detection.jpg,/Users/nilamaitrachaity/Desktop/equirectangular_charuco_calibration/results/hybrid_detection_selection/selected_perspective/frame_004020_perspective_selected_rectified.jpg
frame_004080,/Users/nilamaitrachaity/Desktop/equirectangular_charuco_calibration/data/raw_frames/frame_004080.jpg,4,3,5,4,perspective,5,4,1,True,/Users/nilamaitrachaity/Desktop/equirectangular_charuco_calibration/results/hybrid_detection_selection/selected_detection/frame_004080_selected_perspective_detection.jpg,/Users/nilamaitrachaity/Desktop/equirectangular_charuco_calibration/results/hybrid_detection_selection/selected_perspective/frame_004080_perspective_selected_rectified.jpg
frame_004290,/Users/nilamaitrachaity/Desktop/equirectangular_charuco_calibration/data/raw_frames/frame_004290.jpg,5,4,4,3,raw,5,4,0,True,/Users/nilamaitrachaity/Desktop/equirectangular_charuco_calibration/results/hybrid_detection_selection/selected_detection/frame_004290_selected_raw_detection.jpg,
frame_004590,/Users/nilamaitrachaity/Desktop/equirectangular_charuco_calibration/data/raw_frames/frame_004590.jpg,6,4,4,0,raw,6,4,0,True,/Users/nilamaitrachaity/Desktop/equirectangular_charuco_calibration/results/hybrid_detection_selection/selected_detection/frame_004590_selected_raw_detection.jpg,
frame_004620,/Users/nilamaitrachaity/Desktop/equirectangular_charuco_calibration/data/raw_frames/frame_004620.jpg,9,7,2,0,raw,9,7,0,True,/Users/nilamaitrachaity/Desktop/equirectangular_charuco_calibration/results/hybrid_detection_selection/selected_detection/frame_004620_selected_raw_detection.jpg,
frame_004650,/Users/nilamaitrachaity/Desktop/equirectangular_charuco_calibration/data/raw_frames/frame_004650.jpg,8,6,4,0,raw,8,6,0,True,/Users/nilamaitrachaity/Desktop/equirectangular_charuco_calibration/results/hybrid_detection_selection/selected_detection/frame_004650_selected_raw_detection.jpg,
frame_004680,/Users/nilamaitrachaity/Desktop/equirectangular_charuco_calibration/data/raw_frames/frame_004680.jpg,4,3,7,4,perspective,7,4,1,True,/Users/nilamaitrachaity/Desktop/equirectangular_charuco_calibration/results/hybrid_detection_selection/selected_detection/frame_004680_selected_perspective_detection.jpg,/Users/nilamaitrachaity/Desktop/equirectangular_charuco_calibration/results/hybrid_detection_selection/selected_perspective/frame_004680_perspective_selected_rectified.jpg
frame_004740,/Users/nilamaitrachaity/Desktop/equirectangular_charuco_calibration/data/raw_frames/frame_004740.jpg,5,0,8,4,perspective,8,4,4,True,/Users/nilamaitrachaity/Desktop/equirectangular_charuco_calibration/results/hybrid_detection_selection/selected_detection/frame_004740_selected_perspective_detection.jpg,/Users/nilamaitrachaity/Desktop/equirectangular_charuco_calibration/results/hybrid_detection_selection/selected_perspective/frame_004740_perspective_selected_rectified.jpg
frame_004770,/Users/nilamaitrachaity/Desktop/equirectangular_charuco_calibration/data/raw_frames/frame_004770.jpg,7,4,5,3,raw,7,4,0,True,/Users/nilamaitrachaity/Desktop/equirectangular_charuco_calibration/results/hybrid_detection_selection/selected_detection/frame_004770_selected_raw_detection.jpg,
frame_004800,/Users/nilamaitrachaity/Desktop/equirectangular_charuco_calibration/data/raw_frames/frame_004800.jpg,7,4,5,0,raw,7,4,0,True,/Users/nilamaitrachaity/Desktop/equirectangular_charuco_calibration/results/hybrid_detection_selection/selected_detection/frame_004800_selected_raw_detection.jpg,
frame_006120,/Users/nilamaitrachaity/Desktop/equirectangular_charuco_calibration/data/raw_frames/frame_006120.jpg,6,6,4,1,raw,6,6,0,True,/Users/nilamaitrachaity/Desktop/equirectangular_charuco_calibration/results/hybrid_detection_selection/selected_detection/frame_006120_selected_raw_detection.jpg,
frame_006630,/Users/nilamaitrachaity/Desktop/equirectangular_charuco_calibration/data/raw_frames/frame_006630.jpg,8,8,6,3,raw,8,8,0,True,/Users/nilamaitrachaity/Desktop/equirectangular_charuco_calibration/results/hybrid_detection_selection/selected_detection/frame_006630_selected_raw_detection.jpg,
frame_006660,/Users/nilamaitrachaity/Desktop/equirectangular_charuco_calibration/data/raw_frames/frame_006660.jpg,5,1,7,4,perspective,7,4,3,True,/Users/nilamaitrachaity/Desktop/equirectangular_charuco_calibration/results/hybrid_detection_selection/selected_detection/frame_006660_selected_perspective_detection.jpg,/Users/nilamaitrachaity/Desktop/equirectangular_charuco_calibration/results/hybrid_detection_selection/selected_perspective/frame_006660_perspective_selected_rectified.jpg
frame_007080,/Users/nilamaitrachaity/Desktop/equirectangular_charuco_calibration/data/raw_frames/frame_007080.jpg,8,9,8,6,raw,8,9,0,True,/Users/nilamaitrachaity/Desktop/equirectangular_charuco_calibration/results/hybrid_detection_selection/selected_detection/frame_007080_selected_raw_detection.jpg,
frame_007110,/Users/nilamaitrachaity/Desktop/equirectangular_charuco_calibration/data/raw_frames/frame_007110.jpg,10,9,10,8,raw,10,9,0,True,/Users/nilamaitrachaity/Desktop/equirectangular_charuco_calibration/results/hybrid_detection_selection/selected_detection/frame_007110_selected_raw_detection.jpg,
frame_007230,/Users/nilamaitrachaity/Desktop/equirectangular_charuco_calibration/data/raw_frames/frame_007230.jpg,9,7,10,9,perspective,10,9,2,True,/Users/nilamaitrachaity/Desktop/equirectangular_charuco_calibration/results/hybrid_detection_selection/selected_detection/frame_007230_selected_perspective_detection.jpg,/Users/nilamaitrachaity/Desktop/equirectangular_charuco_calibration/results/hybrid_detection_selection/selected_perspective/frame_007230_perspective_selected_rectified.jpg
frame_007260,/Users/nilamaitrachaity/Desktop/equirectangular_charuco_calibration/data/raw_frames/frame_007260.jpg,7,3,9,7,perspective,9,7,4,True,/Users/nilamaitrachaity/Desktop/equirectangular_charuco_calibration/results/hybrid_detection_selection/selected_detection/frame_007260_selected_perspective_detection.jpg,/Users/nilamaitrachaity/Desktop/equirectangular_charuco_calibration/results/hybrid_detection_selection/selected_perspective/frame_007260_perspective_selected_rectified.jpg
frame_007380,/Users/nilamaitrachaity/Desktop/equirectangular_charuco_calibration/data/raw_frames/frame_007380.jpg,13,15,12,11,raw,13,15,0,True,/Users/nilamaitrachaity/Desktop/equirectangular_charuco_calibration/results/hybrid_detection_selection/selected_detection/frame_007380_selected_raw_detection.jpg,
frame_007410,/Users/nilamaitrachaity/Desktop/equirectangular_charuco_calibration/data/raw_frames/frame_007410.jpg,13,13,11,8,raw,13,13,0,True,/Users/nilamaitrachaity/Desktop/equirectangular_charuco_calibration/results/hybrid_detection_selection/selected_detection/frame_007410_selected_raw_detection.jpg,
frame_007440,/Users/nilamaitrachaity/Desktop/equirectangular_charuco_calibration/data/raw_frames/frame_007440.jpg,5,4,5,4,raw,5,4,0,True,/Users/nilamaitrachaity/Desktop/equirectangular_charuco_calibration/results/hybrid_detection_selection/selected_detection/frame_007440_selected_raw_detection.jpg,
frame_007470,/Users/nilamaitrachaity/Desktop/equirectangular_charuco_calibration/data/raw_frames/frame_007470.jpg,6,6,8,8,perspective,8,8,2,True,/Users/nilamaitrachaity/Desktop/equirectangular_charuco_calibration/results/hybrid_detection_selection/selected_detection/frame_007470_selected_perspective_detection.jpg,/Users/nilamaitrachaity/Desktop/equirectangular_charuco_calibration/results/hybrid_detection_selection/selected_perspective/frame_007470_perspective_selected_rectified.jpg
frame_007500,/Users/nilamaitrachaity/Desktop/equirectangular_charuco_calibration/data/raw_frames/frame_007500.jpg,11,12,7,1,raw,11,12,0,True,/Users/nilamaitrachaity/Desktop/equirectangular_charuco_calibration/results/hybrid_detection_selection/selected_detection/frame_007500_selected_raw_detection.jpg,
frame_008640,/Users/nilamaitrachaity/Desktop/equirectangular_charuco_calibration/data/raw_frames/frame_008640.jpg,4,4,4,2,raw,4,4,0,True,/Users/nilamaitrachaity/Desktop/equirectangular_charuco_calibration/results/hybrid_detection_selection/selected_detection/frame_008640_selected_raw_detection.jpg,
frame_009150,/Users/nilamaitrachaity/Desktop/equirectangular_charuco_calibration/data/raw_frames/frame_009150.jpg,4,3,6,6,perspective,6,6,3,True,/Users/nilamaitrachaity/Desktop/equirectangular_charuco_calibration/results/hybrid_detection_selection/selected_detection/frame_009150_selected_perspective_detection.jpg,/Users/nilamaitrachaity/Desktop/equirectangular_charuco_calibration/results/hybrid_detection_selection/selected_perspective/frame_009150_perspective_selected_rectified.jpg
frame_009180,/Users/nilamaitrachaity/Desktop/equirectangular_charuco_calibration/data/raw_frames/frame_009180.jpg,7,7,9,10,perspective,9,10,3,True,/Users/nilamaitrachaity/Desktop/equirectangular_charuco_calibration/results/hybrid_detection_selection/selected_detection/frame_009180_selected_perspective_detection.jpg,/Users/nilamaitrachaity/Desktop/equirectangular_charuco_calibration/results/hybrid_detection_selection/selected_perspective/frame_009180_perspective_selected_rectified.jpg
frame_009210,/Users/nilamaitrachaity/Desktop/equirectangular_charuco_calibration/data/raw_frames/frame_009210.jpg,5,4,8,7,perspective,8,7,3,True,/Users/nilamaitrachaity/Desktop/equirectangular_charuco_calibration/results/hybrid_detection_selection/selected_detection/frame_009210_selected_perspective_detection.jpg,/Users/nilamaitrachaity/Desktop/equirectangular_charuco_calibration/results/hybrid_detection_selection/selected_perspective/frame_009210_perspective_selected_rectified.jpg
frame_009240,/Users/nilamaitrachaity/Desktop/equirectangular_charuco_calibration/data/raw_frames/frame_009240.jpg,8,7,16,19,perspective,16,19,12,True,/Users/nilamaitrachaity/Desktop/equirectangular_charuco_calibration/results/hybrid_detection_selection/selected_detection/frame_009240_selected_perspective_detection.jpg,/Users/nilamaitrachaity/Desktop/equirectangular_charuco_calibration/results/hybrid_detection_selection/selected_perspective/frame_009240_perspective_selected_rectified.jpg
frame_009720,/Users/nilamaitrachaity/Desktop/equirectangular_charuco_calibration/data/raw_frames/frame_009720.jpg,3,2,5,4,perspective,5,4,2,True,/Users/nilamaitrachaity/Desktop/equirectangular_charuco_calibration/results/hybrid_detection_selection/selected_detection/frame_009720_selected_perspective_detection.jpg,/Users/nilamaitrachaity/Desktop/equirectangular_charuco_calibration/results/hybrid_detection_selection/selected_perspective/frame_009720_perspective_selected_rectified.jpg
frame_009750,/Users/nilamaitrachaity/Desktop/equirectangular_charuco_calibration/data/raw_frames/frame_009750.jpg,5,5,4,3,raw,5,5,0,True,/Users/nilamaitrachaity/Desktop/equirectangular_charuco_calibration/results/hybrid_detection_selection/selected_detection/frame_009750_selected_raw_detection.jpg,
frame_009900,/Users/nilamaitrachaity/Desktop/equirectangular_charuco_calibration/data/raw_frames/frame_009900.jpg,3,2,4,4,perspective,4,4,2,True,/Users/nilamaitrachaity/Desktop/equirectangular_charuco_calibration/results/hybrid_detection_selection/selected_detection/frame_009900_selected_perspective_detection.jpg,/Users/nilamaitrachaity/Desktop/equirectangular_charuco_calibration/results/hybrid_detection_selection/selected_perspective/frame_009900_perspective_selected_rectified.jpg
frame_010500,/Users/nilamaitrachaity/Desktop/equirectangular_charuco_calibration/data/raw_frames/frame_010500.jpg,7,4,7,5,perspective,7,5,1,True,/Users/nilamaitrachaity/Desktop/equirectangular_charuco_calibration/results/hybrid_detection_selection/selected_detection/frame_010500_selected_perspective_detection.jpg,/Users/nilamaitrachaity/Desktop/equirectangular_charuco_calibration/results/hybrid_detection_selection/selected_perspective/frame_010500_perspective_selected_rectified.jpg
frame_010560,/Users/nilamaitrachaity/Desktop/equirectangular_charuco_calibration/data/raw_frames/frame_010560.jpg,8,8,6,4,raw,8,8,0,True,/Users/nilamaitrachaity/Desktop/equirectangular_charuco_calibration/results/hybrid_detection_selection/selected_detection/frame_010560_selected_raw_detection.jpg,
frame_010590,/Users/nilamaitrachaity/Desktop/equirectangular_charuco_calibration/data/raw_frames/frame_010590.jpg,9,11,9,11,raw,9,11,0,True,/Users/nilamaitrachaity/Desktop/equirectangular_charuco_calibration/results/hybrid_detection_selection/selected_detection/frame_010590_selected_raw_detection.jpg,
frame_010620,/Users/nilamaitrachaity/Desktop/equirectangular_charuco_calibration/data/raw_frames/frame_010620.jpg,8,6,7,6,raw,8,6,0,True,/Users/nilamaitrachaity/Desktop/equirectangular_charuco_calibration/results/hybrid_detection_selection/selected_detection/frame_010620_selected_raw_detection.jpg,
frame_010650,/Users/nilamaitrachaity/Desktop/equirectangular_charuco_calibration/data/raw_frames/frame_010650.jpg,6,5,8,7,perspective,8,7,2,True,/Users/nilamaitrachaity/Desktop/equirectangular_charuco_calibration/results/hybrid_detection_selection/selected_detection/frame_010650_selected_perspective_detection.jpg,/Users/nilamaitrachaity/Desktop/equirectangular_charuco_calibration/results/hybrid_detection_selection/selected_perspective/frame_010650_perspective_selected_rectified.jpg
frame_010710,/Users/nilamaitrachaity/Desktop/equirectangular_charuco_calibration/data/raw_frames/frame_010710.jpg,6,6,8,7,perspective,8,7,1,True,/Users/nilamaitrachaity/Desktop/equirectangular_charuco_calibration/results/hybrid_detection_selection/selected_detection/frame_010710_selected_perspective_detection.jpg,/Users/nilamaitrachaity/Desktop/equirectangular_charuco_calibration/results/hybrid_detection_selection/selected_perspective/frame_010710_perspective_selected_rectified.jpg
