frame_index,raw_frame_path,detected_frame_path,marker_count,charuco_corner_count,marker_ids,used_for_calibration,error
0,/Users/nilamaitrachaity/Desktop/equirectangular_charuco_calibration/data/raw_frames/frame_000000.jpg,/Users/nilamaitrachaity/Desktop/equirectangular_charuco_calibration/data/detected_frames/frame_000000_detected.jpg,10,10,11 14 4 15 18 12 21 19 22 23,True,
30,/Users/nilamaitrachaity/Desktop/equirectangular_charuco_calibration/data/raw_frames/frame_000030.jpg,/Users/nilamaitrachaity/Desktop/equirectangular_charuco_calibration/data/detected_frames/frame_000030_detected.jpg,9,9,11 14 4 15 18 21 19 22 16,True,
60,/Users/nilamaitrachaity/Desktop/equirectangular_charuco_calibration/data/raw_frames/frame_000060.jpg,/Users/nilamaitrachaity/Desktop/equirectangular_charuco_calibration/data/detected_frames/frame_000060_detected.jpg,7,6,14 4 15 18 21 19 22,True,
90,/Users/nilamaitrachaity/Desktop/equirectangular_charuco_calibration/data/raw_frames/frame_000090.jpg,/Users/nilamaitrachaity/Desktop/equirectangular_charuco_calibration/data/detected_frames/frame_000090_detected.jpg,8,7,14 4 15 18 21 19 22 16,True,
120,/Users/nilamaitrachaity/Desktop/equirectangular_charuco_calibration/data/raw_frames/frame_000120.jpg,/Users/nilamaitrachaity/Desktop/equirectangular_charuco_calibration/data/detected_frames/frame_000120_detected.jpg,9,9,11 14 4 15 18 21 19 22 16,True,
150,/Users/nilamaitrachaity/Desktop/equirectangular_charuco_calibration/data/raw_frames/frame_000150.jpg,/Users/nilamaitrachaity/Desktop/equirectangular_charuco_calibration/data/detected_frames/frame_000150_detected.jpg,10,9,11 14 4 15 18 5 21 19 22 16,True,
180,/Users/nilamaitrachaity/Desktop/equirectangular_charuco_calibration/data/raw_frames/frame_000180.jpg,/Users/nilamaitrachaity/Desktop/equirectangular_charuco_calibration/data/detected_frames/frame_000180_detected.jpg,9,9,11 14 15 18 5 21 19 22 16,True,
210,/Users/nilamaitrachaity/Desktop/equirectangular_charuco_calibration/data/raw_frames/frame_000210.jpg,/Users/nilamaitrachaity/Desktop/equirectangular_charuco_calibration/data/detected_frames/frame_000210_detected.jpg,7,8,11 14 15 18 21 19 22,True,
240,/Users/nilamaitrachaity/Desktop/equirectangular_charuco_calibration/data/raw_frames/frame_000240.jpg,/Users/nilamaitrachaity/Desktop/equirectangular_charuco_calibration/data/detected_frames/frame_000240_detected.jpg,10,8,14 4 15 18 5 21 19 22 9 23,True,
270,/Users/nilamaitrachaity/Desktop/equirectangular_charuco_calibration/data/raw_frames/frame_000270.jpg,/Users/nilamaitrachaity/Desktop/equirectangular_charuco_calibration/data/detected_frames/frame_000270_detected.jpg,8,7,14 4 15 18 21 19 22 16,True,
300,/Users/nilamaitrachaity/Desktop/equirectangular_charuco_calibration/data/raw_frames/frame_000300.jpg,/Users/nilamaitrachaity/Desktop/equirectangular_charuco_calibration/data/detected_frames/frame_000300_detected.jpg,11,10,11 14 4 15 18 5 21 19 22 16 23,True,
330,/Users/nilamaitrachaity/Desktop/equirectangular_charuco_calibration/data/raw_frames/frame_000330.jpg,/Users/nilamaitrachaity/Desktop/equirectangular_charuco_calibration/data/detected_frames/frame_000330_detected.jpg,8,8,11 14 15 18 5 21 19 22,True,
360,/Users/nilamaitrachaity/Desktop/equirectangular_charuco_calibration/data/raw_frames/frame_000360.jpg,,0,0,,False,
390,/Users/nilamaitrachaity/Desktop/equirectangular_charuco_calibration/data/raw_frames/frame_000390.jpg,,0,0,,False,
420,/Users/nilamaitrachaity/Desktop/equirectangular_charuco_calibration/data/raw_frames/frame_000420.jpg,,0,0,,False,
450,/Users/nilamaitrachaity/Desktop/equirectangular_charuco_calibration/data/raw_frames/frame_000450.jpg,,0,0,,False,
480,/Users/nilamaitrachaity/Desktop/equirectangular_charuco_calibration/data/raw_frames/frame_000480.jpg,/Users/nilamaitrachaity/Desktop/equirectangular_charuco_calibration/data/detected_frames/frame_000480_detected.jpg,2,1,18 21,False,
510,/Users/nilamaitrachaity/Desktop/equirectangular_charuco_calibration/data/raw_frames/frame_000510.jpg,/Users/nilamaitrachaity/Desktop/equirectangular_charuco_calibration/data/detected_frames/frame_000510_detected.jpg,4,2,21 22 19 23,False,
540,/Users/nilamaitrachaity/Desktop/equirectangular_charuco_calibration/data/raw_frames/frame_000540.jpg,/Users/nilamaitrachaity/Desktop/equirectangular_charuco_calibration/data/detected_frames/frame_000540_detected.jpg,4,2,21 22 19 23,False,
570,/Users/nilamaitrachaity/Desktop/equirectangular_charuco_calibration/data/raw_frames/frame_000570.jpg,/Users/nilamaitrachaity/Desktop/equirectangular_charuco_calibration/data/detected_frames/frame_000570_detected.jpg,3,0,21 22 23,False,
600,/Users/nilamaitrachaity/Desktop/equirectangular_charuco_calibration/data/raw_frames/frame_000600.jpg,/Users/nilamaitrachaity/Desktop/equirectangular_charuco_calibration/data/detected_frames/frame_000600_detected.jpg,5,2,14 21 22 19 23,False,
630,/Users/nilamaitrachaity/Desktop/equirectangular_charuco_calibration/data/raw_frames/frame_000630.jpg,/Users/nilamaitrachaity/Desktop/equirectangular_charuco_calibration/data/detected_frames/frame_000630_detected.jpg,3,0,21 22 23,False,
660,/Users/nilamaitrachaity/Desktop/equirectangular_charuco_calibration/data/raw_frames/frame_000660.jpg,/Users/nilamaitrachaity/Desktop/equirectangular_charuco_calibration/data/detected_frames/frame_000660_detected.jpg,5,3,14 18 21 22 23,False,
690,/Users/nilamaitrachaity/Desktop/equirectangular_charuco_calibration/data/raw_frames/frame_000690.jpg,/Users/nilamaitrachaity/Desktop/equirectangular_charuco_calibration/data/detected_frames/frame_000690_detected.jpg,4,0,14 21 22 23,False,
720,/Users/nilamaitrachaity/Desktop/equirectangular_charuco_calibration/data/raw_frames/frame_000720.jpg,/Users/nilamaitrachaity/Desktop/equirectangular_charuco_calibration/data/detected_frames/frame_000720_detected.jpg,3,0,21 22 23,False,
750,/Users/nilamaitrachaity/Desktop/equirectangular_charuco_calibration/data/raw_frames/frame_000750.jpg,/Users/nilamaitrachaity/Desktop/equirectangular_charuco_calibration/data/detected_frames/frame_000750_detected.jpg,3,0,21 22 23,False,
780,/Users/nilamaitrachaity/Desktop/equirectangular_charuco_calibration/data/raw_frames/frame_000780.jpg,/Users/nilamaitrachaity/Desktop/equirectangular_charuco_calibration/data/detected_frames/frame_000780_detected.jpg,4,0,11 21 22 23,False,
810,/Users/nilamaitrachaity/Desktop/equirectangular_charuco_calibration/data/raw_frames/frame_000810.jpg,,0,0,,False,
840,/Users/nilamaitrachaity/Desktop/equirectangular_charuco_calibration/data/raw_frames/frame_000840.jpg,,0,0,,False,
870,/Users/nilamaitrachaity/Desktop/equirectangular_charuco_calibration/data/raw_frames/frame_000870.jpg,,0,0,,False,
900,/Users/nilamaitrachaity/Desktop/equirectangular_charuco_calibration/data/raw_frames/frame_000900.jpg,,0,0,,False,
930,/Users/nilamaitrachaity/Desktop/equirectangular_charuco_calibration/data/raw_frames/frame_000930.jpg,,0,0,,False,
960,/Users/nilamaitrachaity/Desktop/equirectangular_charuco_calibration/data/raw_frames/frame_000960.jpg,,0,0,,False,
990,/Users/nilamaitrachaity/Desktop/equirectangular_charuco_calibration/data/raw_frames/frame_000990.jpg,/Users/nilamaitrachaity/Desktop/equirectangular_charuco_calibration/data/detected_frames/frame_000990_detected.jpg,2,1,18 21,False,
1020,/Users/nilamaitrachaity/Desktop/equirectangular_charuco_calibration/data/raw_frames/frame_001020.jpg,/Users/nilamaitrachaity/Desktop/equirectangular_charuco_calibration/data/detected_frames/frame_001020_detected.jpg,5,2,15 18 16 21 23,False,
1050,/Users/nilamaitrachaity/Desktop/equirectangular_charuco_calibration/data/raw_frames/frame_001050.jpg,/Users/nilamaitrachaity/Desktop/equirectangular_charuco_calibration/data/detected_frames/frame_001050_detected.jpg,6,5,15 18 19 21 22 20,True,
1080,/Users/nilamaitrachaity/Desktop/equirectangular_charuco_calibration/data/raw_frames/frame_001080.jpg,/Users/nilamaitrachaity/Desktop/equirectangular_charuco_calibration/data/detected_frames/frame_001080_detected.jpg,7,5,11 15 18 21 22 20 23,True,
1110,/Users/nilamaitrachaity/Desktop/equirectangular_charuco_calibration/data/raw_frames/frame_001110.jpg,/Users/nilamaitrachaity/Desktop/equirectangular_charuco_calibration/data/detected_frames/frame_001110_detected.jpg,6,4,15 18 16 21 22 20,True,
1140,/Users/nilamaitrachaity/Desktop/equirectangular_charuco_calibration/data/raw_frames/frame_001140.jpg,/Users/nilamaitrachaity/Desktop/equirectangular_charuco_calibration/data/detected_frames/frame_001140_detected.jpg,6,4,11 15 18 21 22 20,True,
1170,/Users/nilamaitrachaity/Desktop/equirectangular_charuco_calibration/data/raw_frames/frame_001170.jpg,/Users/nilamaitrachaity/Desktop/equirectangular_charuco_calibration/data/detected_frames/frame_001170_detected.jpg,6,3,5 15 18 21 22 20,True,
1200,/Users/nilamaitrachaity/Desktop/equirectangular_charuco_calibration/data/raw_frames/frame_001200.jpg,/Users/nilamaitrachaity/Desktop/equirectangular_charuco_calibration/data/detected_frames/frame_001200_detected.jpg,4,1,11 15 21 22,False,
1230,/Users/nilamaitrachaity/Desktop/equirectangular_charuco_calibration/data/raw_frames/frame_001230.jpg,/Users/nilamaitrachaity/Desktop/equirectangular_charuco_calibration/data/detected_frames/frame_001230_detected.jpg,9,8,1 11 15 18 16 19 21 22 20,True,
1260,/Users/nilamaitrachaity/Desktop/equirectangular_charuco_calibration/data/raw_frames/frame_001260.jpg,/Users/nilamaitrachaity/Desktop/equirectangular_charuco_calibration/data/detected_frames/frame_001260_detected.jpg,5,2,1 15 18 21 23,False,
1290,/Users/nilamaitrachaity/Desktop/equirectangular_charuco_calibration/data/raw_frames/frame_001290.jpg,/Users/nilamaitrachaity/Desktop/equirectangular_charuco_calibration/data/detected_frames/frame_001290_detected.jpg,2,0,14 21,False,
1320,/Users/nilamaitrachaity/Desktop/equirectangular_charuco_calibration/data/raw_frames/frame_001320.jpg,,0,0,,False,
1350,/Users/nilamaitrachaity/Desktop/equirectangular_charuco_calibration/data/raw_frames/frame_001350.jpg,/Users/nilamaitrachaity/Desktop/equirectangular_charuco_calibration/data/detected_frames/frame_001350_detected.jpg,1,0,10,False,
1380,/Users/nilamaitrachaity/Desktop/equirectangular_charuco_calibration/data/raw_frames/frame_001380.jpg,/Users/nilamaitrachaity/Desktop/equirectangular_charuco_calibration/data/detected_frames/frame_001380_detected.jpg,2,1,4 1,False,
1410,/Users/nilamaitrachaity/Desktop/equirectangular_charuco_calibration/data/raw_frames/frame_001410.jpg,/Users/nilamaitrachaity/Desktop/equirectangular_charuco_calibration/data/detected_frames/frame_001410_detected.jpg,2,1,1 5,False,
1440,/Users/nilamaitrachaity/Desktop/equirectangular_charuco_calibration/data/raw_frames/frame_001440.jpg,/Users/nilamaitrachaity/Desktop/equirectangular_charuco_calibration/data/detected_frames/frame_001440_detected.jpg,2,1,1 5,False,
1470,/Users/nilamaitrachaity/Desktop/equirectangular_charuco_calibration/data/raw_frames/frame_001470.jpg,,0,0,,False,
1500,/Users/nilamaitrachaity/Desktop/equirectangular_charuco_calibration/data/raw_frames/frame_001500.jpg,/Users/nilamaitrachaity/Desktop/equirectangular_charuco_calibration/data/detected_frames/frame_001500_detected.jpg,1,0,1,False,
1530,/Users/nilamaitrachaity/Desktop/equirectangular_charuco_calibration/data/raw_frames/frame_001530.jpg,/Users/nilamaitrachaity/Desktop/equirectangular_charuco_calibration/data/detected_frames/frame_001530_detected.jpg,1,0,1,False,
1560,/Users/nilamaitrachaity/Desktop/equirectangular_charuco_calibration/data/raw_frames/frame_001560.jpg,/Users/nilamaitrachaity/Desktop/equirectangular_charuco_calibration/data/detected_frames/frame_001560_detected.jpg,1,0,1,False,
1590,/Users/nilamaitrachaity/Desktop/equirectangular_charuco_calibration/data/raw_frames/frame_001590.jpg,/Users/nilamaitrachaity/Desktop/equirectangular_charuco_calibration/data/detected_frames/frame_001590_detected.jpg,2,1,1 5,False,
1620,/Users/nilamaitrachaity/Desktop/equirectangular_charuco_calibration/data/raw_frames/frame_001620.jpg,/Users/nilamaitrachaity/Desktop/equirectangular_charuco_calibration/data/detected_frames/frame_001620_detected.jpg,2,1,1 5,False,
1650,/Users/nilamaitrachaity/Desktop/equirectangular_charuco_calibration/data/raw_frames/frame_001650.jpg,/Users/nilamaitrachaity/Desktop/equirectangular_charuco_calibration/data/detected_frames/frame_001650_detected.jpg,3,2,8 1 5,False,
1680,/Users/nilamaitrachaity/Desktop/equirectangular_charuco_calibration/data/raw_frames/frame_001680.jpg,/Users/nilamaitrachaity/Desktop/equirectangular_charuco_calibration/data/detected_frames/frame_001680_detected.jpg,2,1,1 5,False,
1710,/Users/nilamaitrachaity/Desktop/equirectangular_charuco_calibration/data/raw_frames/frame_001710.jpg,/Users/nilamaitrachaity/Desktop/equirectangular_charuco_calibration/data/detected_frames/frame_001710_detected.jpg,3,2,4 1 5,False,
1740,/Users/nilamaitrachaity/Desktop/equirectangular_charuco_calibration/data/raw_frames/frame_001740.jpg,,0,0,,False,
1770,/Users/nilamaitrachaity/Desktop/equirectangular_charuco_calibration/data/raw_frames/frame_001770.jpg,,0,0,,False,
1800,/Users/nilamaitrachaity/Desktop/equirectangular_charuco_calibration/data/raw_frames/frame_001800.jpg,,0,0,,False,
1830,/Users/nilamaitrachaity/Desktop/equirectangular_charuco_calibration/data/raw_frames/frame_001830.jpg,/Users/nilamaitrachaity/Desktop/equirectangular_charuco_calibration/data/detected_frames/frame_001830_detected.jpg,2,1,7 4,False,
1860,/Users/nilamaitrachaity/Desktop/equirectangular_charuco_calibration/data/raw_frames/frame_001860.jpg,/Users/nilamaitrachaity/Desktop/equirectangular_charuco_calibration/data/detected_frames/frame_001860_detected.jpg,4,2,4 10 8 1,False,
1890,/Users/nilamaitrachaity/Desktop/equirectangular_charuco_calibration/data/raw_frames/frame_001890.jpg,/Users/nilamaitrachaity/Desktop/equirectangular_charuco_calibration/data/detected_frames/frame_001890_detected.jpg,5,3,7 4 10 0 21,False,
1920,/Users/nilamaitrachaity/Desktop/equirectangular_charuco_calibration/data/raw_frames/frame_001920.jpg,/Users/nilamaitrachaity/Desktop/equirectangular_charuco_calibration/data/detected_frames/frame_001920_detected.jpg,3,2,4 1 5,False,
1950,/Users/nilamaitrachaity/Desktop/equirectangular_charuco_calibration/data/raw_frames/frame_001950.jpg,/Users/nilamaitrachaity/Desktop/equirectangular_charuco_calibration/data/detected_frames/frame_001950_detected.jpg,4,2,8 15 1 5,False,
1980,/Users/nilamaitrachaity/Desktop/equirectangular_charuco_calibration/data/raw_frames/frame_001980.jpg,/Users/nilamaitrachaity/Desktop/equirectangular_charuco_calibration/data/detected_frames/frame_001980_detected.jpg,4,3,8 1 5 2,False,
2010,/Users/nilamaitrachaity/Desktop/equirectangular_charuco_calibration/data/raw_frames/frame_002010.jpg,/Users/nilamaitrachaity/Desktop/equirectangular_charuco_calibration/data/detected_frames/frame_002010_detected.jpg,3,2,8 1 5,False,
2040,/Users/nilamaitrachaity/Desktop/equirectangular_charuco_calibration/data/raw_frames/frame_002040.jpg,/Users/nilamaitrachaity/Desktop/equirectangular_charuco_calibration/data/detected_frames/frame_002040_detected.jpg,4,2,8 1 5 6,False,
2070,/Users/nilamaitrachaity/Desktop/equirectangular_charuco_calibration/data/raw_frames/frame_002070.jpg,/Users/nilamaitrachaity/Desktop/equirectangular_charuco_calibration/data/detected_frames/frame_002070_detected.jpg,3,2,8 1 5,False,
2100,/Users/nilamaitrachaity/Desktop/equirectangular_charuco_calibration/data/raw_frames/frame_002100.jpg,/Users/nilamaitrachaity/Desktop/equirectangular_charuco_calibration/data/detected_frames/frame_002100_detected.jpg,5,2,8 15 1 5 22,False,
2130,/Users/nilamaitrachaity/Desktop/equirectangular_charuco_calibration/data/raw_frames/frame_002130.jpg,/Users/nilamaitrachaity/Desktop/equirectangular_charuco_calibration/data/detected_frames/frame_002130_detected.jpg,4,2,8 1 5 22,False,
2160,/Users/nilamaitrachaity/Desktop/equirectangular_charuco_calibration/data/raw_frames/frame_002160.jpg,/Users/nilamaitrachaity/Desktop/equirectangular_charuco_calibration/data/detected_frames/frame_002160_detected.jpg,3,2,8 1 5,False,
2190,/Users/nilamaitrachaity/Desktop/equirectangular_charuco_calibration/data/raw_frames/frame_002190.jpg,/Users/nilamaitrachaity/Desktop/equirectangular_charuco_calibration/data/detected_frames/frame_002190_detected.jpg,4,3,8 1 5 2,False,
2220,/Users/nilamaitrachaity/Desktop/equirectangular_charuco_calibration/data/raw_frames/frame_002220.jpg,/Users/nilamaitrachaity/Desktop/equirectangular_charuco_calibration/data/detected_frames/frame_002220_detected.jpg,5,3,4 22 0 5 1,False,
2250,/Users/nilamaitrachaity/Desktop/equirectangular_charuco_calibration/data/raw_frames/frame_002250.jpg,/Users/nilamaitrachaity/Desktop/equirectangular_charuco_calibration/data/detected_frames/frame_002250_detected.jpg,4,2,7 22 4 1,False,
2280,/Users/nilamaitrachaity/Desktop/equirectangular_charuco_calibration/data/raw_frames/frame_002280.jpg,/Users/nilamaitrachaity/Desktop/equirectangular_charuco_calibration/data/detected_frames/frame_002280_detected.jpg,6,4,11 7 22 4 5 1,True,
2310,/Users/nilamaitrachaity/Desktop/equirectangular_charuco_calibration/data/raw_frames/frame_002310.jpg,/Users/nilamaitrachaity/Desktop/equirectangular_charuco_calibration/data/detected_frames/frame_002310_detected.jpg,3,0,15 22 4,False,
2340,/Users/nilamaitrachaity/Desktop/equirectangular_charuco_calibration/data/raw_frames/frame_002340.jpg,/Users/nilamaitrachaity/Desktop/equirectangular_charuco_calibration/data/detected_frames/frame_002340_detected.jpg,4,2,22 8 4 1,False,
2370,/Users/nilamaitrachaity/Desktop/equirectangular_charuco_calibration/data/raw_frames/frame_002370.jpg,/Users/nilamaitrachaity/Desktop/equirectangular_charuco_calibration/data/detected_frames/frame_002370_detected.jpg,3,0,22 4 5,False,
2400,/Users/nilamaitrachaity/Desktop/equirectangular_charuco_calibration/data/raw_frames/frame_002400.jpg,/Users/nilamaitrachaity/Desktop/equirectangular_charuco_calibration/data/detected_frames/frame_002400_detected.jpg,2,0,22 5,False,
2430,/Users/nilamaitrachaity/Desktop/equirectangular_charuco_calibration/data/raw_frames/frame_002430.jpg,/Users/nilamaitrachaity/Desktop/equirectangular_charuco_calibration/data/detected_frames/frame_002430_detected.jpg,4,2,22 8 4 5,False,
2460,/Users/nilamaitrachaity/Desktop/equirectangular_charuco_calibration/data/raw_frames/frame_002460.jpg,/Users/nilamaitrachaity/Desktop/equirectangular_charuco_calibration/data/detected_frames/frame_002460_detected.jpg,4,2,22 4 5 1,False,
2490,/Users/nilamaitrachaity/Desktop/equirectangular_charuco_calibration/data/raw_frames/frame_002490.jpg,/Users/nilamaitrachaity/Desktop/equirectangular_charuco_calibration/data/detected_frames/frame_002490_detected.jpg,2,0,22 1,False,
2520,/Users/nilamaitrachaity/Desktop/equirectangular_charuco_calibration/data/raw_frames/frame_002520.jpg,/Users/nilamaitrachaity/Desktop/equirectangular_charuco_calibration/data/detected_frames/frame_002520_detected.jpg,5,4,22 8 4 5 1,False,
2550,/Users/nilamaitrachaity/Desktop/equirectangular_charuco_calibration/data/raw_frames/frame_002550.jpg,/Users/nilamaitrachaity/Desktop/equirectangular_charuco_calibration/data/detected_frames/frame_002550_detected.jpg,4,2,22 8 4 5,False,
2580,/Users/nilamaitrachaity/Desktop/equirectangular_charuco_calibration/data/raw_frames/frame_002580.jpg,/Users/nilamaitrachaity/Desktop/equirectangular_charuco_calibration/data/detected_frames/frame_002580_detected.jpg,5,2,15 22 8 4 5,False,
2610,/Users/nilamaitrachaity/Desktop/equirectangular_charuco_calibration/data/raw_frames/frame_002610.jpg,/Users/nilamaitrachaity/Desktop/equirectangular_charuco_calibration/data/detected_frames/frame_002610_detected.jpg,5,3,15 22 19 8 5,False,
2640,/Users/nilamaitrachaity/Desktop/equirectangular_charuco_calibration/data/raw_frames/frame_002640.jpg,/Users/nilamaitrachaity/Desktop/equirectangular_charuco_calibration/data/detected_frames/frame_002640_detected.jpg,5,3,15 22 12 8 5,False,
2670,/Users/nilamaitrachaity/Desktop/equirectangular_charuco_calibration/data/raw_frames/frame_002670.jpg,/Users/nilamaitrachaity/Desktop/equirectangular_charuco_calibration/data/detected_frames/frame_002670_detected.jpg,6,4,15 22 19 8 5 1,True,
2700,/Users/nilamaitrachaity/Desktop/equirectangular_charuco_calibration/data/raw_frames/frame_002700.jpg,/Users/nilamaitrachaity/Desktop/equirectangular_charuco_calibration/data/detected_frames/frame_002700_detected.jpg,5,3,19 12 8 23 5,False,
2730,/Users/nilamaitrachaity/Desktop/equirectangular_charuco_calibration/data/raw_frames/frame_002730.jpg,/Users/nilamaitrachaity/Desktop/equirectangular_charuco_calibration/data/detected_frames/frame_002730_detected.jpg,3,2,12 8 5,False,
2760,/Users/nilamaitrachaity/Desktop/equirectangular_charuco_calibration/data/raw_frames/frame_002760.jpg,/Users/nilamaitrachaity/Desktop/equirectangular_charuco_calibration/data/detected_frames/frame_002760_detected.jpg,3,1,8 23 5,False,
2790,/Users/nilamaitrachaity/Desktop/equirectangular_charuco_calibration/data/raw_frames/frame_002790.jpg,/Users/nilamaitrachaity/Desktop/equirectangular_charuco_calibration/data/detected_frames/frame_002790_detected.jpg,3,2,12 8 5,False,
2820,/Users/nilamaitrachaity/Desktop/equirectangular_charuco_calibration/data/raw_frames/frame_002820.jpg,/Users/nilamaitrachaity/Desktop/equirectangular_charuco_calibration/data/detected_frames/frame_002820_detected.jpg,4,2,12 8 23 5,False,
2850,/Users/nilamaitrachaity/Desktop/equirectangular_charuco_calibration/data/raw_frames/frame_002850.jpg,/Users/nilamaitrachaity/Desktop/equirectangular_charuco_calibration/data/detected_frames/frame_002850_detected.jpg,3,2,12 8 5,False,
2880,/Users/nilamaitrachaity/Desktop/equirectangular_charuco_calibration/data/raw_frames/frame_002880.jpg,/Users/nilamaitrachaity/Desktop/equirectangular_charuco_calibration/data/detected_frames/frame_002880_detected.jpg,4,2,19 12 8 5,False,
2910,/Users/nilamaitrachaity/Desktop/equirectangular_charuco_calibration/data/raw_frames/frame_002910.jpg,/Users/nilamaitrachaity/Desktop/equirectangular_charuco_calibration/data/detected_frames/frame_002910_detected.jpg,6,5,15 22 19 12 8 5,True,
2940,/Users/nilamaitrachaity/Desktop/equirectangular_charuco_calibration/data/raw_frames/frame_002940.jpg,/Users/nilamaitrachaity/Desktop/equirectangular_charuco_calibration/data/detected_frames/frame_002940_detected.jpg,7,5,18 15 11 22 7 8 1,True,
2970,/Users/nilamaitrachaity/Desktop/equirectangular_charuco_calibration/data/raw_frames/frame_002970.jpg,/Users/nilamaitrachaity/Desktop/equirectangular_charuco_calibration/data/detected_frames/frame_002970_detected.jpg,8,8,18 14 15 11 7 4 0 1,True,
3000,/Users/nilamaitrachaity/Desktop/equirectangular_charuco_calibration/data/raw_frames/frame_003000.jpg,/Users/nilamaitrachaity/Desktop/equirectangular_charuco_calibration/data/detected_frames/frame_003000_detected.jpg,6,6,11 8 7 12 4 1,True,
3030,/Users/nilamaitrachaity/Desktop/equirectangular_charuco_calibration/data/raw_frames/frame_003030.jpg,/Users/nilamaitrachaity/Desktop/equirectangular_charuco_calibration/data/detected_frames/frame_003030_detected.jpg,8,7,11 8 4 12 5 0 1 22,True,
3060,/Users/nilamaitrachaity/Desktop/equirectangular_charuco_calibration/data/raw_frames/frame_003060.jpg,/Users/nilamaitrachaity/Desktop/equirectangular_charuco_calibration/data/detected_frames/frame_003060_detected.jpg,8,8,8 4 15 18 12 5 1 22,True,
3090,/Users/nilamaitrachaity/Desktop/equirectangular_charuco_calibration/data/raw_frames/frame_003090.jpg,/Users/nilamaitrachaity/Desktop/equirectangular_charuco_calibration/data/detected_frames/frame_003090_detected.jpg,8,9,11 8 4 15 18 12 5 1,True,
3120,/Users/nilamaitrachaity/Desktop/equirectangular_charuco_calibration/data/raw_frames/frame_003120.jpg,/Users/nilamaitrachaity/Desktop/equirectangular_charuco_calibration/data/detected_frames/frame_003120_detected.jpg,8,9,11 8 15 4 18 12 5 1,True,
3150,/Users/nilamaitrachaity/Desktop/equirectangular_charuco_calibration/data/raw_frames/frame_003150.jpg,/Users/nilamaitrachaity/Desktop/equirectangular_charuco_calibration/data/detected_frames/frame_003150_detected.jpg,7,8,11 8 15 4 12 5 1,True,
3180,/Users/nilamaitrachaity/Desktop/equirectangular_charuco_calibration/data/raw_frames/frame_003180.jpg,/Users/nilamaitrachaity/Desktop/equirectangular_charuco_calibration/data/detected_frames/frame_003180_detected.jpg,8,8,8 15 4 18 12 5 1 22,True,
3210,/Users/nilamaitrachaity/Desktop/equirectangular_charuco_calibration/data/raw_frames/frame_003210.jpg,/Users/nilamaitrachaity/Desktop/equirectangular_charuco_calibration/data/detected_frames/frame_003210_detected.jpg,8,9,11 8 15 4 12 18 5 1,True,
3240,/Users/nilamaitrachaity/Desktop/equirectangular_charuco_calibration/data/raw_frames/frame_003240.jpg,/Users/nilamaitrachaity/Desktop/equirectangular_charuco_calibration/data/detected_frames/frame_003240_detected.jpg,6,4,8 15 12 5 1 22,True,
3270,/Users/nilamaitrachaity/Desktop/equirectangular_charuco_calibration/data/raw_frames/frame_003270.jpg,/Users/nilamaitrachaity/Desktop/equirectangular_charuco_calibration/data/detected_frames/frame_003270_detected.jpg,6,6,8 15 4 12 5 1,True,
3300,/Users/nilamaitrachaity/Desktop/equirectangular_charuco_calibration/data/raw_frames/frame_003300.jpg,/Users/nilamaitrachaity/Desktop/equirectangular_charuco_calibration/data/detected_frames/frame_003300_detected.jpg,7,6,8 15 4 12 5 1 22,True,
3330,/Users/nilamaitrachaity/Desktop/equirectangular_charuco_calibration/data/raw_frames/frame_003330.jpg,/Users/nilamaitrachaity/Desktop/equirectangular_charuco_calibration/data/detected_frames/frame_003330_detected.jpg,6,4,8 15 4 5 1 22,True,
3360,/Users/nilamaitrachaity/Desktop/equirectangular_charuco_calibration/data/raw_frames/frame_003360.jpg,/Users/nilamaitrachaity/Desktop/equirectangular_charuco_calibration/data/detected_frames/frame_003360_detected.jpg,6,4,8 15 4 5 1 22,True,
3390,/Users/nilamaitrachaity/Desktop/equirectangular_charuco_calibration/data/raw_frames/frame_003390.jpg,/Users/nilamaitrachaity/Desktop/equirectangular_charuco_calibration/data/detected_frames/frame_003390_detected.jpg,6,4,8 15 4 5 1 22,True,
3420,/Users/nilamaitrachaity/Desktop/equirectangular_charuco_calibration/data/raw_frames/frame_003420.jpg,/Users/nilamaitrachaity/Desktop/equirectangular_charuco_calibration/data/detected_frames/frame_003420_detected.jpg,6,4,8 15 4 5 1 22,True,
3450,/Users/nilamaitrachaity/Desktop/equirectangular_charuco_calibration/data/raw_frames/frame_003450.jpg,/Users/nilamaitrachaity/Desktop/equirectangular_charuco_calibration/data/detected_frames/frame_003450_detected.jpg,8,7,8 15 4 12 5 1 22 2,True,
3480,/Users/nilamaitrachaity/Desktop/equirectangular_charuco_calibration/data/raw_frames/frame_003480.jpg,/Users/nilamaitrachaity/Desktop/equirectangular_charuco_calibration/data/detected_frames/frame_003480_detected.jpg,8,8,8 4 15 12 5 1 19 22,True,
3510,/Users/nilamaitrachaity/Desktop/equirectangular_charuco_calibration/data/raw_frames/frame_003510.jpg,/Users/nilamaitrachaity/Desktop/equirectangular_charuco_calibration/data/detected_frames/frame_003510_detected.jpg,5,4,4 7 11 1 0,False,
3540,/Users/nilamaitrachaity/Desktop/equirectangular_charuco_calibration/data/raw_frames/frame_003540.jpg,/Users/nilamaitrachaity/Desktop/equirectangular_charuco_calibration/data/detected_frames/frame_003540_detected.jpg,4,2,4 0 1 11,False,
3570,/Users/nilamaitrachaity/Desktop/equirectangular_charuco_calibration/data/raw_frames/frame_003570.jpg,/Users/nilamaitrachaity/Desktop/equirectangular_charuco_calibration/data/detected_frames/frame_003570_detected.jpg,5,5,4 1 8 11 5,False,
3600,/Users/nilamaitrachaity/Desktop/equirectangular_charuco_calibration/data/raw_frames/frame_003600.jpg,/Users/nilamaitrachaity/Desktop/equirectangular_charuco_calibration/data/detected_frames/frame_003600_detected.jpg,5,5,4 1 8 11 5,False,
3630,/Users/nilamaitrachaity/Desktop/equirectangular_charuco_calibration/data/raw_frames/frame_003630.jpg,/Users/nilamaitrachaity/Desktop/equirectangular_charuco_calibration/data/detected_frames/frame_003630_detected.jpg,5,5,4 1 8 11 5,False,
3660,/Users/nilamaitrachaity/Desktop/equirectangular_charuco_calibration/data/raw_frames/frame_003660.jpg,/Users/nilamaitrachaity/Desktop/equirectangular_charuco_calibration/data/detected_frames/frame_003660_detected.jpg,4,3,4 1 8 11,False,
3690,/Users/nilamaitrachaity/Desktop/equirectangular_charuco_calibration/data/raw_frames/frame_003690.jpg,/Users/nilamaitrachaity/Desktop/equirectangular_charuco_calibration/data/detected_frames/frame_003690_detected.jpg,5,5,4 1 8 11 5,False,
3720,/Users/nilamaitrachaity/Desktop/equirectangular_charuco_calibration/data/raw_frames/frame_003720.jpg,/Users/nilamaitrachaity/Desktop/equirectangular_charuco_calibration/data/detected_frames/frame_003720_detected.jpg,4,3,4 1 8 11,False,
3750,/Users/nilamaitrachaity/Desktop/equirectangular_charuco_calibration/data/raw_frames/frame_003750.jpg,/Users/nilamaitrachaity/Desktop/equirectangular_charuco_calibration/data/detected_frames/frame_003750_detected.jpg,5,5,4 1 8 11 5,False,
3780,/Users/nilamaitrachaity/Desktop/equirectangular_charuco_calibration/data/raw_frames/frame_003780.jpg,/Users/nilamaitrachaity/Desktop/equirectangular_charuco_calibration/data/detected_frames/frame_003780_detected.jpg,5,5,4 1 8 11 5,False,
3810,/Users/nilamaitrachaity/Desktop/equirectangular_charuco_calibration/data/raw_frames/frame_003810.jpg,/Users/nilamaitrachaity/Desktop/equirectangular_charuco_calibration/data/detected_frames/frame_003810_detected.jpg,5,5,4 1 8 11 5,False,
3840,/Users/nilamaitrachaity/Desktop/equirectangular_charuco_calibration/data/raw_frames/frame_003840.jpg,/Users/nilamaitrachaity/Desktop/equirectangular_charuco_calibration/data/detected_frames/frame_003840_detected.jpg,5,5,4 1 8 11 5,False,
3870,/Users/nilamaitrachaity/Desktop/equirectangular_charuco_calibration/data/raw_frames/frame_003870.jpg,/Users/nilamaitrachaity/Desktop/equirectangular_charuco_calibration/data/detected_frames/frame_003870_detected.jpg,4,3,4 0 1 5,False,
3900,/Users/nilamaitrachaity/Desktop/equirectangular_charuco_calibration/data/raw_frames/frame_003900.jpg,/Users/nilamaitrachaity/Desktop/equirectangular_charuco_calibration/data/detected_frames/frame_003900_detected.jpg,5,5,4 0 1 8 5,False,
3930,/Users/nilamaitrachaity/Desktop/equirectangular_charuco_calibration/data/raw_frames/frame_003930.jpg,/Users/nilamaitrachaity/Desktop/equirectangular_charuco_calibration/data/detected_frames/frame_003930_detected.jpg,4,3,4 0 7 1,False,
3960,/Users/nilamaitrachaity/Desktop/equirectangular_charuco_calibration/data/raw_frames/frame_003960.jpg,/Users/nilamaitrachaity/Desktop/equirectangular_charuco_calibration/data/detected_frames/frame_003960_detected.jpg,4,3,4 0 7 1,False,
3990,/Users/nilamaitrachaity/Desktop/equirectangular_charuco_calibration/data/raw_frames/frame_003990.jpg,/Users/nilamaitrachaity/Desktop/equirectangular_charuco_calibration/data/detected_frames/frame_003990_detected.jpg,4,3,4 0 7 1,False,
4020,/Users/nilamaitrachaity/Desktop/equirectangular_charuco_calibration/data/raw_frames/frame_004020.jpg,/Users/nilamaitrachaity/Desktop/equirectangular_charuco_calibration/data/detected_frames/frame_004020_detected.jpg,4,3,4 0 7 1,False,
4050,/Users/nilamaitrachaity/Desktop/equirectangular_charuco_calibration/data/raw_frames/frame_004050.jpg,/Users/nilamaitrachaity/Desktop/equirectangular_charuco_calibration/data/detected_frames/frame_004050_detected.jpg,4,3,4 0 7 1,False,
4080,/Users/nilamaitrachaity/Desktop/equirectangular_charuco_calibration/data/raw_frames/frame_004080.jpg,/Users/nilamaitrachaity/Desktop/equirectangular_charuco_calibration/data/detected_frames/frame_004080_detected.jpg,4,3,4 0 7 1,False,
4110,/Users/nilamaitrachaity/Desktop/equirectangular_charuco_calibration/data/raw_frames/frame_004110.jpg,/Users/nilamaitrachaity/Desktop/equirectangular_charuco_calibration/data/detected_frames/frame_004110_detected.jpg,4,3,4 0 7 1,False,
4140,/Users/nilamaitrachaity/Desktop/equirectangular_charuco_calibration/data/raw_frames/frame_004140.jpg,/Users/nilamaitrachaity/Desktop/equirectangular_charuco_calibration/data/detected_frames/frame_004140_detected.jpg,4,3,4 0 7 1,False,
4170,/Users/nilamaitrachaity/Desktop/equirectangular_charuco_calibration/data/raw_frames/frame_004170.jpg,/Users/nilamaitrachaity/Desktop/equirectangular_charuco_calibration/data/detected_frames/frame_004170_detected.jpg,4,3,4 0 7 1,False,
4200,/Users/nilamaitrachaity/Desktop/equirectangular_charuco_calibration/data/raw_frames/frame_004200.jpg,/Users/nilamaitrachaity/Desktop/equirectangular_charuco_calibration/data/detected_frames/frame_004200_detected.jpg,4,3,4 0 7 1,False,
4230,/Users/nilamaitrachaity/Desktop/equirectangular_charuco_calibration/data/raw_frames/frame_004230.jpg,/Users/nilamaitrachaity/Desktop/equirectangular_charuco_calibration/data/detected_frames/frame_004230_detected.jpg,4,3,4 0 7 1,False,
4260,/Users/nilamaitrachaity/Desktop/equirectangular_charuco_calibration/data/raw_frames/frame_004260.jpg,/Users/nilamaitrachaity/Desktop/equirectangular_charuco_calibration/data/detected_frames/frame_004260_detected.jpg,4,3,4 0 7 1,False,
4290,/Users/nilamaitrachaity/Desktop/equirectangular_charuco_calibration/data/raw_frames/frame_004290.jpg,/Users/nilamaitrachaity/Desktop/equirectangular_charuco_calibration/data/detected_frames/frame_004290_detected.jpg,5,4,4 1 0 7 11,False,
4320,/Users/nilamaitrachaity/Desktop/equirectangular_charuco_calibration/data/raw_frames/frame_004320.jpg,/Users/nilamaitrachaity/Desktop/equirectangular_charuco_calibration/data/detected_frames/frame_004320_detected.jpg,4,1,4 1 11 10,False,
4350,/Users/nilamaitrachaity/Desktop/equirectangular_charuco_calibration/data/raw_frames/frame_004350.jpg,/Users/nilamaitrachaity/Desktop/equirectangular_charuco_calibration/data/detected_frames/frame_004350_detected.jpg,3,0,11 10 1,False,
4380,/Users/nilamaitrachaity/Desktop/equirectangular_charuco_calibration/data/raw_frames/frame_004380.jpg,/Users/nilamaitrachaity/Desktop/equirectangular_charuco_calibration/data/detected_frames/frame_004380_detected.jpg,2,0,4 10,False,
4410,/Users/nilamaitrachaity/Desktop/equirectangular_charuco_calibration/data/raw_frames/frame_004410.jpg,/Users/nilamaitrachaity/Desktop/equirectangular_charuco_calibration/data/detected_frames/frame_004410_detected.jpg,1,0,0,False,
4440,/Users/nilamaitrachaity/Desktop/equirectangular_charuco_calibration/data/raw_frames/frame_004440.jpg,/Users/nilamaitrachaity/Desktop/equirectangular_charuco_calibration/data/detected_frames/frame_004440_detected.jpg,2,0,4 10,False,
4470,/Users/nilamaitrachaity/Desktop/equirectangular_charuco_calibration/data/raw_frames/frame_004470.jpg,/Users/nilamaitrachaity/Desktop/equirectangular_charuco_calibration/data/detected_frames/frame_004470_detected.jpg,3,1,11 4 1,False,
4500,/Users/nilamaitrachaity/Desktop/equirectangular_charuco_calibration/data/raw_frames/frame_004500.jpg,/Users/nilamaitrachaity/Desktop/equirectangular_charuco_calibration/data/detected_frames/frame_004500_detected.jpg,3,2,4 1 5,False,
4530,/Users/nilamaitrachaity/Desktop/equirectangular_charuco_calibration/data/raw_frames/frame_004530.jpg,/Users/nilamaitrachaity/Desktop/equirectangular_charuco_calibration/data/detected_frames/frame_004530_detected.jpg,4,1,11 4 18 1,False,
4560,/Users/nilamaitrachaity/Desktop/equirectangular_charuco_calibration/data/raw_frames/frame_004560.jpg,/Users/nilamaitrachaity/Desktop/equirectangular_charuco_calibration/data/detected_frames/frame_004560_detected.jpg,2,1,4 1,False,
4590,/Users/nilamaitrachaity/Desktop/equirectangular_charuco_calibration/data/raw_frames/frame_004590.jpg,/Users/nilamaitrachaity/Desktop/equirectangular_charuco_calibration/data/detected_frames/frame_004590_detected.jpg,7,4,11 4 14 0 1 5 21,True,
4620,/Users/nilamaitrachaity/Desktop/equirectangular_charuco_calibration/data/raw_frames/frame_004620.jpg,/Users/nilamaitrachaity/Desktop/equirectangular_charuco_calibration/data/detected_frames/frame_004620_detected.jpg,6,5,7 11 4 0 1 5,True,
4650,/Users/nilamaitrachaity/Desktop/equirectangular_charuco_calibration/data/raw_frames/frame_004650.jpg,/Users/nilamaitrachaity/Desktop/equirectangular_charuco_calibration/data/detected_frames/frame_004650_detected.jpg,6,2,11 0 15 1 5 21,True,
4680,/Users/nilamaitrachaity/Desktop/equirectangular_charuco_calibration/data/raw_frames/frame_004680.jpg,/Users/nilamaitrachaity/Desktop/equirectangular_charuco_calibration/data/detected_frames/frame_004680_detected.jpg,5,3,7 4 0 1 21,False,
4710,/Users/nilamaitrachaity/Desktop/equirectangular_charuco_calibration/data/raw_frames/frame_004710.jpg,/Users/nilamaitrachaity/Desktop/equirectangular_charuco_calibration/data/detected_frames/frame_004710_detected.jpg,7,3,4 14 0 15 1 5 21,True,
4740,/Users/nilamaitrachaity/Desktop/equirectangular_charuco_calibration/data/raw_frames/frame_004740.jpg,/Users/nilamaitrachaity/Desktop/equirectangular_charuco_calibration/data/detected_frames/frame_004740_detected.jpg,6,1,7 14 0 1 5 23,True,
4770,/Users/nilamaitrachaity/Desktop/equirectangular_charuco_calibration/data/raw_frames/frame_004770.jpg,/Users/nilamaitrachaity/Desktop/equirectangular_charuco_calibration/data/detected_frames/frame_004770_detected.jpg,6,4,7 4 0 1 5 21,True,
4800,/Users/nilamaitrachaity/Desktop/equirectangular_charuco_calibration/data/raw_frames/frame_004800.jpg,/Users/nilamaitrachaity/Desktop/equirectangular_charuco_calibration/data/detected_frames/frame_004800_detected.jpg,6,3,4 14 0 15 1 5,True,
4830,/Users/nilamaitrachaity/Desktop/equirectangular_charuco_calibration/data/raw_frames/frame_004830.jpg,/Users/nilamaitrachaity/Desktop/equirectangular_charuco_calibration/data/detected_frames/frame_004830_detected.jpg,3,2,4 0 1,False,
4860,/Users/nilamaitrachaity/Desktop/equirectangular_charuco_calibration/data/raw_frames/frame_004860.jpg,,0,0,,False,
4890,/Users/nilamaitrachaity/Desktop/equirectangular_charuco_calibration/data/raw_frames/frame_004890.jpg,,0,0,,False,
4920,/Users/nilamaitrachaity/Desktop/equirectangular_charuco_calibration/data/raw_frames/frame_004920.jpg,,0,0,,False,
4950,/Users/nilamaitrachaity/Desktop/equirectangular_charuco_calibration/data/raw_frames/frame_004950.jpg,/Users/nilamaitrachaity/Desktop/equirectangular_charuco_calibration/data/detected_frames/frame_004950_detected.jpg,1,0,10,False,
4980,/Users/nilamaitrachaity/Desktop/equirectangular_charuco_calibration/data/raw_frames/frame_004980.jpg,/Users/nilamaitrachaity/Desktop/equirectangular_charuco_calibration/data/detected_frames/frame_004980_detected.jpg,1,0,21,False,
5010,/Users/nilamaitrachaity/Desktop/equirectangular_charuco_calibration/data/raw_frames/frame_005010.jpg,/Users/nilamaitrachaity/Desktop/equirectangular_charuco_calibration/data/detected_frames/frame_005010_detected.jpg,2,0,23 13,False,
5040,/Users/nilamaitrachaity/Desktop/equirectangular_charuco_calibration/data/raw_frames/frame_005040.jpg,/Users/nilamaitrachaity/Desktop/equirectangular_charuco_calibration/data/detected_frames/frame_005040_detected.jpg,2,0,20 13,False,
5070,/Users/nilamaitrachaity/Desktop/equirectangular_charuco_calibration/data/raw_frames/frame_005070.jpg,/Users/nilamaitrachaity/Desktop/equirectangular_charuco_calibration/data/detected_frames/frame_005070_detected.jpg,2,0,23 13,False,
5100,/Users/nilamaitrachaity/Desktop/equirectangular_charuco_calibration/data/raw_frames/frame_005100.jpg,/Users/nilamaitrachaity/Desktop/equirectangular_charuco_calibration/data/detected_frames/frame_005100_detected.jpg,2,1,23 20,False,
5130,/Users/nilamaitrachaity/Desktop/equirectangular_charuco_calibration/data/raw_frames/frame_005130.jpg,/Users/nilamaitrachaity/Desktop/equirectangular_charuco_calibration/data/detected_frames/frame_005130_detected.jpg,2,1,19 16,False,
5160,/Users/nilamaitrachaity/Desktop/equirectangular_charuco_calibration/data/raw_frames/frame_005160.jpg,/Users/nilamaitrachaity/Desktop/equirectangular_charuco_calibration/data/detected_frames/frame_005160_detected.jpg,3,0,23 22 17,False,
5190,/Users/nilamaitrachaity/Desktop/equirectangular_charuco_calibration/data/raw_frames/frame_005190.jpg,/Users/nilamaitrachaity/Desktop/equirectangular_charuco_calibration/data/detected_frames/frame_005190_detected.jpg,2,1,23 20,False,
5220,/Users/nilamaitrachaity/Desktop/equirectangular_charuco_calibration/data/raw_frames/frame_005220.jpg,/Users/nilamaitrachaity/Desktop/equirectangular_charuco_calibration/data/detected_frames/frame_005220_detected.jpg,4,3,23 20 16 13,False,
5250,/Users/nilamaitrachaity/Desktop/equirectangular_charuco_calibration/data/raw_frames/frame_005250.jpg,/Users/nilamaitrachaity/Desktop/equirectangular_charuco_calibration/data/detected_frames/frame_005250_detected.jpg,1,0,22,False,
5280,/Users/nilamaitrachaity/Desktop/equirectangular_charuco_calibration/data/raw_frames/frame_005280.jpg,/Users/nilamaitrachaity/Desktop/equirectangular_charuco_calibration/data/detected_frames/frame_005280_detected.jpg,1,0,22,False,
5310,/Users/nilamaitrachaity/Desktop/equirectangular_charuco_calibration/data/raw_frames/frame_005310.jpg,/Users/nilamaitrachaity/Desktop/equirectangular_charuco_calibration/data/detected_frames/frame_005310_detected.jpg,1,0,22,False,
5340,/Users/nilamaitrachaity/Desktop/equirectangular_charuco_calibration/data/raw_frames/frame_005340.jpg,/Users/nilamaitrachaity/Desktop/equirectangular_charuco_calibration/data/detected_frames/frame_005340_detected.jpg,1,0,20,False,
5370,/Users/nilamaitrachaity/Desktop/equirectangular_charuco_calibration/data/raw_frames/frame_005370.jpg,/Users/nilamaitrachaity/Desktop/equirectangular_charuco_calibration/data/detected_frames/frame_005370_detected.jpg,4,1,23 16 13 6,False,
5400,/Users/nilamaitrachaity/Desktop/equirectangular_charuco_calibration/data/raw_frames/frame_005400.jpg,/Users/nilamaitrachaity/Desktop/equirectangular_charuco_calibration/data/detected_frames/frame_005400_detected.jpg,2,1,16 13,False,
5430,/Users/nilamaitrachaity/Desktop/equirectangular_charuco_calibration/data/raw_frames/frame_005430.jpg,,0,0,,False,
5460,/Users/nilamaitrachaity/Desktop/equirectangular_charuco_calibration/data/raw_frames/frame_005460.jpg,,0,0,,False,
5490,/Users/nilamaitrachaity/Desktop/equirectangular_charuco_calibration/data/raw_frames/frame_005490.jpg,/Users/nilamaitrachaity/Desktop/equirectangular_charuco_calibration/data/detected_frames/frame_005490_detected.jpg,1,0,13,False,
5520,/Users/nilamaitrachaity/Desktop/equirectangular_charuco_calibration/data/raw_frames/frame_005520.jpg,/Users/nilamaitrachaity/Desktop/equirectangular_charuco_calibration/data/detected_frames/frame_005520_detected.jpg,4,2,23 19 22 10,False,
5550,/Users/nilamaitrachaity/Desktop/equirectangular_charuco_calibration/data/raw_frames/frame_005550.jpg,/Users/nilamaitrachaity/Desktop/equirectangular_charuco_calibration/data/detected_frames/frame_005550_detected.jpg,1,0,20,False,
5580,/Users/nilamaitrachaity/Desktop/equirectangular_charuco_calibration/data/raw_frames/frame_005580.jpg,/Users/nilamaitrachaity/Desktop/equirectangular_charuco_calibration/data/detected_frames/frame_005580_detected.jpg,3,2,23 19 22,False,
5610,/Users/nilamaitrachaity/Desktop/equirectangular_charuco_calibration/data/raw_frames/frame_005610.jpg,,0,0,,False,
5640,/Users/nilamaitrachaity/Desktop/equirectangular_charuco_calibration/data/raw_frames/frame_005640.jpg,,0,0,,False,
5670,/Users/nilamaitrachaity/Desktop/equirectangular_charuco_calibration/data/raw_frames/frame_005670.jpg,,0,0,,False,
5700,/Users/nilamaitrachaity/Desktop/equirectangular_charuco_calibration/data/raw_frames/frame_005700.jpg,,0,0,,False,
5730,/Users/nilamaitrachaity/Desktop/equirectangular_charuco_calibration/data/raw_frames/frame_005730.jpg,,0,0,,False,
5760,/Users/nilamaitrachaity/Desktop/equirectangular_charuco_calibration/data/raw_frames/frame_005760.jpg,/Users/nilamaitrachaity/Desktop/equirectangular_charuco_calibration/data/detected_frames/frame_005760_detected.jpg,3,0,23 22 10,False,
5790,/Users/nilamaitrachaity/Desktop/equirectangular_charuco_calibration/data/raw_frames/frame_005790.jpg,,0,0,,False,
5820,/Users/nilamaitrachaity/Desktop/equirectangular_charuco_calibration/data/raw_frames/frame_005820.jpg,,0,0,,False,
5850,/Users/nilamaitrachaity/Desktop/equirectangular_charuco_calibration/data/raw_frames/frame_005850.jpg,,0,0,,False,
5880,/Users/nilamaitrachaity/Desktop/equirectangular_charuco_calibration/data/raw_frames/frame_005880.jpg,,0,0,,False,
5910,/Users/nilamaitrachaity/Desktop/equirectangular_charuco_calibration/data/raw_frames/frame_005910.jpg,,0,0,,False,
5940,/Users/nilamaitrachaity/Desktop/equirectangular_charuco_calibration/data/raw_frames/frame_005940.jpg,,0,0,,False,
5970,/Users/nilamaitrachaity/Desktop/equirectangular_charuco_calibration/data/raw_frames/frame_005970.jpg,,0,0,,False,
6000,/Users/nilamaitrachaity/Desktop/equirectangular_charuco_calibration/data/raw_frames/frame_006000.jpg,,0,0,,False,
6030,/Users/nilamaitrachaity/Desktop/equirectangular_charuco_calibration/data/raw_frames/frame_006030.jpg,,0,0,,False,
6060,/Users/nilamaitrachaity/Desktop/equirectangular_charuco_calibration/data/raw_frames/frame_006060.jpg,,0,0,,False,
6090,/Users/nilamaitrachaity/Desktop/equirectangular_charuco_calibration/data/raw_frames/frame_006090.jpg,,0,0,,False,
6120,/Users/nilamaitrachaity/Desktop/equirectangular_charuco_calibration/data/raw_frames/frame_006120.jpg,/Users/nilamaitrachaity/Desktop/equirectangular_charuco_calibration/data/detected_frames/frame_006120_detected.jpg,6,6,21 22 18 19 15 16,True,
6150,/Users/nilamaitrachaity/Desktop/equirectangular_charuco_calibration/data/raw_frames/frame_006150.jpg,,0,0,,False,
6180,/Users/nilamaitrachaity/Desktop/equirectangular_charuco_calibration/data/raw_frames/frame_006180.jpg,,0,0,,False,
6210,/Users/nilamaitrachaity/Desktop/equirectangular_charuco_calibration/data/raw_frames/frame_006210.jpg,/Users/nilamaitrachaity/Desktop/equirectangular_charuco_calibration/data/detected_frames/frame_006210_detected.jpg,1,0,21,False,
6240,/Users/nilamaitrachaity/Desktop/equirectangular_charuco_calibration/data/raw_frames/frame_006240.jpg,/Users/nilamaitrachaity/Desktop/equirectangular_charuco_calibration/data/detected_frames/frame_006240_detected.jpg,1,0,22,False,
6270,/Users/nilamaitrachaity/Desktop/equirectangular_charuco_calibration/data/raw_frames/frame_006270.jpg,,0,0,,False,
6300,/Users/nilamaitrachaity/Desktop/equirectangular_charuco_calibration/data/raw_frames/frame_006300.jpg,,0,0,,False,
6330,/Users/nilamaitrachaity/Desktop/equirectangular_charuco_calibration/data/raw_frames/frame_006330.jpg,/Users/nilamaitrachaity/Desktop/equirectangular_charuco_calibration/data/detected_frames/frame_006330_detected.jpg,3,0,21 22 23,False,
6360,/Users/nilamaitrachaity/Desktop/equirectangular_charuco_calibration/data/raw_frames/frame_006360.jpg,/Users/nilamaitrachaity/Desktop/equirectangular_charuco_calibration/data/detected_frames/frame_006360_detected.jpg,2,0,21 22,False,
6390,/Users/nilamaitrachaity/Desktop/equirectangular_charuco_calibration/data/raw_frames/frame_006390.jpg,,0,0,,False,
6420,/Users/nilamaitrachaity/Desktop/equirectangular_charuco_calibration/data/raw_frames/frame_006420.jpg,/Users/nilamaitrachaity/Desktop/equirectangular_charuco_calibration/data/detected_frames/frame_006420_detected.jpg,4,3,21 22 18 15,False,
6450,/Users/nilamaitrachaity/Desktop/equirectangular_charuco_calibration/data/raw_frames/frame_006450.jpg,/Users/nilamaitrachaity/Desktop/equirectangular_charuco_calibration/data/detected_frames/frame_006450_detected.jpg,3,0,21 22 23,False,
6480,/Users/nilamaitrachaity/Desktop/equirectangular_charuco_calibration/data/raw_frames/frame_006480.jpg,,0,0,,False,
6510,/Users/nilamaitrachaity/Desktop/equirectangular_charuco_calibration/data/raw_frames/frame_006510.jpg,/Users/nilamaitrachaity/Desktop/equirectangular_charuco_calibration/data/detected_frames/frame_006510_detected.jpg,1,0,21,False,
6540,/Users/nilamaitrachaity/Desktop/equirectangular_charuco_calibration/data/raw_frames/frame_006540.jpg,/Users/nilamaitrachaity/Desktop/equirectangular_charuco_calibration/data/detected_frames/frame_006540_detected.jpg,2,1,21 18,False,
6570,/Users/nilamaitrachaity/Desktop/equirectangular_charuco_calibration/data/raw_frames/frame_006570.jpg,/Users/nilamaitrachaity/Desktop/equirectangular_charuco_calibration/data/detected_frames/frame_006570_detected.jpg,2,0,21 22,False,
6600,/Users/nilamaitrachaity/Desktop/equirectangular_charuco_calibration/data/raw_frames/frame_006600.jpg,/Users/nilamaitrachaity/Desktop/equirectangular_charuco_calibration/data/detected_frames/frame_006600_detected.jpg,6,5,21 22 18 19 15 10,True,
6630,/Users/nilamaitrachaity/Desktop/equirectangular_charuco_calibration/data/raw_frames/frame_006630.jpg,/Users/nilamaitrachaity/Desktop/equirectangular_charuco_calibration/data/detected_frames/frame_006630_detected.jpg,6,4,22 23 21 18 20 17,True,
6660,/Users/nilamaitrachaity/Desktop/equirectangular_charuco_calibration/data/raw_frames/frame_006660.jpg,/Users/nilamaitrachaity/Desktop/equirectangular_charuco_calibration/data/detected_frames/frame_006660_detected.jpg,4,1,22 23 20 17,False,
6690,/Users/nilamaitrachaity/Desktop/equirectangular_charuco_calibration/data/raw_frames/frame_006690.jpg,/Users/nilamaitrachaity/Desktop/equirectangular_charuco_calibration/data/detected_frames/frame_006690_detected.jpg,1,0,13,False,
6720,/Users/nilamaitrachaity/Desktop/equirectangular_charuco_calibration/data/raw_frames/frame_006720.jpg,/Users/nilamaitrachaity/Desktop/equirectangular_charuco_calibration/data/detected_frames/frame_006720_detected.jpg,5,2,22 23 21 20 17,False,
6750,/Users/nilamaitrachaity/Desktop/equirectangular_charuco_calibration/data/raw_frames/frame_006750.jpg,/Users/nilamaitrachaity/Desktop/equirectangular_charuco_calibration/data/detected_frames/frame_006750_detected.jpg,3,1,23 20 13,False,
6780,/Users/nilamaitrachaity/Desktop/equirectangular_charuco_calibration/data/raw_frames/frame_006780.jpg,/Users/nilamaitrachaity/Desktop/equirectangular_charuco_calibration/data/detected_frames/frame_006780_detected.jpg,3,0,22 23 13,False,
6810,/Users/nilamaitrachaity/Desktop/equirectangular_charuco_calibration/data/raw_frames/frame_006810.jpg,,0,0,,False,
6840,/Users/nilamaitrachaity/Desktop/equirectangular_charuco_calibration/data/raw_frames/frame_006840.jpg,,0,0,,False,
6870,/Users/nilamaitrachaity/Desktop/equirectangular_charuco_calibration/data/raw_frames/frame_006870.jpg,/Users/nilamaitrachaity/Desktop/equirectangular_charuco_calibration/data/detected_frames/frame_006870_detected.jpg,3,0,22 23 13,False,
6900,/Users/nilamaitrachaity/Desktop/equirectangular_charuco_calibration/data/raw_frames/frame_006900.jpg,/Users/nilamaitrachaity/Desktop/equirectangular_charuco_calibration/data/detected_frames/frame_006900_detected.jpg,8,3,22 23 21 16 12 13 17 10,True,
6930,/Users/nilamaitrachaity/Desktop/equirectangular_charuco_calibration/data/raw_frames/frame_006930.jpg,,0,0,,False,
6960,/Users/nilamaitrachaity/Desktop/equirectangular_charuco_calibration/data/raw_frames/frame_006960.jpg,,0,0,,False,
6990,/Users/nilamaitrachaity/Desktop/equirectangular_charuco_calibration/data/raw_frames/frame_006990.jpg,/Users/nilamaitrachaity/Desktop/equirectangular_charuco_calibration/data/detected_frames/frame_006990_detected.jpg,1,0,9,False,
7020,/Users/nilamaitrachaity/Desktop/equirectangular_charuco_calibration/data/raw_frames/frame_007020.jpg,/Users/nilamaitrachaity/Desktop/equirectangular_charuco_calibration/data/detected_frames/frame_007020_detected.jpg,2,1,16 13,False,
7050,/Users/nilamaitrachaity/Desktop/equirectangular_charuco_calibration/data/raw_frames/frame_007050.jpg,/Users/nilamaitrachaity/Desktop/equirectangular_charuco_calibration/data/detected_frames/frame_007050_detected.jpg,1,0,13,False,
7080,/Users/nilamaitrachaity/Desktop/equirectangular_charuco_calibration/data/raw_frames/frame_007080.jpg,/Users/nilamaitrachaity/Desktop/equirectangular_charuco_calibration/data/detected_frames/frame_007080_detected.jpg,9,11,16 19 12 13 15 9 22 18 6,True,
7110,/Users/nilamaitrachaity/Desktop/equirectangular_charuco_calibration/data/raw_frames/frame_007110.jpg,/Users/nilamaitrachaity/Desktop/equirectangular_charuco_calibration/data/detected_frames/frame_007110_detected.jpg,9,9,12 15 19 11 18 5 22 14 21,True,
7140,/Users/nilamaitrachaity/Desktop/equirectangular_charuco_calibration/data/raw_frames/frame_007140.jpg,/Users/nilamaitrachaity/Desktop/equirectangular_charuco_calibration/data/detected_frames/frame_007140_detected.jpg,7,3,12 19 5 13 22 20 23,True,
7170,/Users/nilamaitrachaity/Desktop/equirectangular_charuco_calibration/data/raw_frames/frame_007170.jpg,/Users/nilamaitrachaity/Desktop/equirectangular_charuco_calibration/data/detected_frames/frame_007170_detected.jpg,3,1,13 20 23,False,
7200,/Users/nilamaitrachaity/Desktop/equirectangular_charuco_calibration/data/raw_frames/frame_007200.jpg,,0,0,,False,
7230,/Users/nilamaitrachaity/Desktop/equirectangular_charuco_calibration/data/raw_frames/frame_007230.jpg,/Users/nilamaitrachaity/Desktop/equirectangular_charuco_calibration/data/detected_frames/frame_007230_detected.jpg,9,6,12 15 11 19 5 13 22 20 23,True,
7260,/Users/nilamaitrachaity/Desktop/equirectangular_charuco_calibration/data/raw_frames/frame_007260.jpg,/Users/nilamaitrachaity/Desktop/equirectangular_charuco_calibration/data/detected_frames/frame_007260_detected.jpg,8,3,11 18 4 22 10 21 17 3,True,
7290,/Users/nilamaitrachaity/Desktop/equirectangular_charuco_calibration/data/raw_frames/frame_007290.jpg,/Users/nilamaitrachaity/Desktop/equirectangular_charuco_calibration/data/detected_frames/frame_007290_detected.jpg,5,2,15 19 22 10 17,False,
7320,/Users/nilamaitrachaity/Desktop/equirectangular_charuco_calibration/data/raw_frames/frame_007320.jpg,/Users/nilamaitrachaity/Desktop/equirectangular_charuco_calibration/data/detected_frames/frame_007320_detected.jpg,2,0,22 23,False,
7350,/Users/nilamaitrachaity/Desktop/equirectangular_charuco_calibration/data/raw_frames/frame_007350.jpg,/Users/nilamaitrachaity/Desktop/equirectangular_charuco_calibration/data/detected_frames/frame_007350_detected.jpg,4,0,16 9 23 21,False,
7380,/Users/nilamaitrachaity/Desktop/equirectangular_charuco_calibration/data/raw_frames/frame_007380.jpg,/Users/nilamaitrachaity/Desktop/equirectangular_charuco_calibration/data/detected_frames/frame_007380_detected.jpg,13,17,12 15 16 19 8 9 18 13 5 20 22 23 21,True,
7410,/Users/nilamaitrachaity/Desktop/equirectangular_charuco_calibration/data/raw_frames/frame_007410.jpg,/Users/nilamaitrachaity/Desktop/equirectangular_charuco_calibration/data/detected_frames/frame_007410_detected.jpg,12,13,12 15 8 16 11 19 5 13 22 20 23 6,True,
7440,/Users/nilamaitrachaity/Desktop/equirectangular_charuco_calibration/data/raw_frames/frame_007440.jpg,/Users/nilamaitrachaity/Desktop/equirectangular_charuco_calibration/data/detected_frames/frame_007440_detected.jpg,5,4,12 15 16 19 5,False,
7470,/Users/nilamaitrachaity/Desktop/equirectangular_charuco_calibration/data/raw_frames/frame_007470.jpg,/Users/nilamaitrachaity/Desktop/equirectangular_charuco_calibration/data/detected_frames/frame_007470_detected.jpg,6,6,12 15 16 9 19 5,True,
7500,/Users/nilamaitrachaity/Desktop/equirectangular_charuco_calibration/data/raw_frames/frame_007500.jpg,/Users/nilamaitrachaity/Desktop/equirectangular_charuco_calibration/data/detected_frames/frame_007500_detected.jpg,10,11,12 15 16 19 18 13 22 5 20 23,True,
7530,/Users/nilamaitrachaity/Desktop/equirectangular_charuco_calibration/data/raw_frames/frame_007530.jpg,,0,0,,False,
7560,/Users/nilamaitrachaity/Desktop/equirectangular_charuco_calibration/data/raw_frames/frame_007560.jpg,,0,0,,False,
7590,/Users/nilamaitrachaity/Desktop/equirectangular_charuco_calibration/data/raw_frames/frame_007590.jpg,,0,0,,False,
7620,/Users/nilamaitrachaity/Desktop/equirectangular_charuco_calibration/data/raw_frames/frame_007620.jpg,/Users/nilamaitrachaity/Desktop/equirectangular_charuco_calibration/data/detected_frames/frame_007620_detected.jpg,2,0,20 13,False,
7650,/Users/nilamaitrachaity/Desktop/equirectangular_charuco_calibration/data/raw_frames/frame_007650.jpg,/Users/nilamaitrachaity/Desktop/equirectangular_charuco_calibration/data/detected_frames/frame_007650_detected.jpg,1,0,23,False,
7680,/Users/nilamaitrachaity/Desktop/equirectangular_charuco_calibration/data/raw_frames/frame_007680.jpg,/Users/nilamaitrachaity/Desktop/equirectangular_charuco_calibration/data/detected_frames/frame_007680_detected.jpg,1,0,16,False,
7710,/Users/nilamaitrachaity/Desktop/equirectangular_charuco_calibration/data/raw_frames/frame_007710.jpg,/Users/nilamaitrachaity/Desktop/equirectangular_charuco_calibration/data/detected_frames/frame_007710_detected.jpg,1,0,17,False,
7740,/Users/nilamaitrachaity/Desktop/equirectangular_charuco_calibration/data/raw_frames/frame_007740.jpg,/Users/nilamaitrachaity/Desktop/equirectangular_charuco_calibration/data/detected_frames/frame_007740_detected.jpg,1,0,22,False,
7770,/Users/nilamaitrachaity/Desktop/equirectangular_charuco_calibration/data/raw_frames/frame_007770.jpg,,0,0,,False,
7800,/Users/nilamaitrachaity/Desktop/equirectangular_charuco_calibration/data/raw_frames/frame_007800.jpg,,0,0,,False,
7830,/Users/nilamaitrachaity/Desktop/equirectangular_charuco_calibration/data/raw_frames/frame_007830.jpg,/Users/nilamaitrachaity/Desktop/equirectangular_charuco_calibration/data/detected_frames/frame_007830_detected.jpg,1,0,13,False,
7860,/Users/nilamaitrachaity/Desktop/equirectangular_charuco_calibration/data/raw_frames/frame_007860.jpg,,0,0,,False,
7890,/Users/nilamaitrachaity/Desktop/equirectangular_charuco_calibration/data/raw_frames/frame_007890.jpg,/Users/nilamaitrachaity/Desktop/equirectangular_charuco_calibration/data/detected_frames/frame_007890_detected.jpg,1,0,23,False,
7920,/Users/nilamaitrachaity/Desktop/equirectangular_charuco_calibration/data/raw_frames/frame_007920.jpg,,0,0,,False,
7950,/Users/nilamaitrachaity/Desktop/equirectangular_charuco_calibration/data/raw_frames/frame_007950.jpg,/Users/nilamaitrachaity/Desktop/equirectangular_charuco_calibration/data/detected_frames/frame_007950_detected.jpg,2,0,23 21,False,
7980,/Users/nilamaitrachaity/Desktop/equirectangular_charuco_calibration/data/raw_frames/frame_007980.jpg,/Users/nilamaitrachaity/Desktop/equirectangular_charuco_calibration/data/detected_frames/frame_007980_detected.jpg,3,1,13 20 23,False,
8010,/Users/nilamaitrachaity/Desktop/equirectangular_charuco_calibration/data/raw_frames/frame_008010.jpg,/Users/nilamaitrachaity/Desktop/equirectangular_charuco_calibration/data/detected_frames/frame_008010_detected.jpg,2,1,13 16,False,
8040,/Users/nilamaitrachaity/Desktop/equirectangular_charuco_calibration/data/raw_frames/frame_008040.jpg,,0,0,,False,
8070,/Users/nilamaitrachaity/Desktop/equirectangular_charuco_calibration/data/raw_frames/frame_008070.jpg,,0,0,,False,
8100,/Users/nilamaitrachaity/Desktop/equirectangular_charuco_calibration/data/raw_frames/frame_008100.jpg,,0,0,,False,
8130,/Users/nilamaitrachaity/Desktop/equirectangular_charuco_calibration/data/raw_frames/frame_008130.jpg,,0,0,,False,
8160,/Users/nilamaitrachaity/Desktop/equirectangular_charuco_calibration/data/raw_frames/frame_008160.jpg,,0,0,,False,
8190,/Users/nilamaitrachaity/Desktop/equirectangular_charuco_calibration/data/raw_frames/frame_008190.jpg,,0,0,,False,
8220,/Users/nilamaitrachaity/Desktop/equirectangular_charuco_calibration/data/raw_frames/frame_008220.jpg,/Users/nilamaitrachaity/Desktop/equirectangular_charuco_calibration/data/detected_frames/frame_008220_detected.jpg,4,1,6 2 13 8,False,
8250,/Users/nilamaitrachaity/Desktop/equirectangular_charuco_calibration/data/raw_frames/frame_008250.jpg,/Users/nilamaitrachaity/Desktop/equirectangular_charuco_calibration/data/detected_frames/frame_008250_detected.jpg,3,1,2 6 8,False,
8280,/Users/nilamaitrachaity/Desktop/equirectangular_charuco_calibration/data/raw_frames/frame_008280.jpg,/Users/nilamaitrachaity/Desktop/equirectangular_charuco_calibration/data/detected_frames/frame_008280_detected.jpg,2,1,2 6,False,
8310,/Users/nilamaitrachaity/Desktop/equirectangular_charuco_calibration/data/raw_frames/frame_008310.jpg,/Users/nilamaitrachaity/Desktop/equirectangular_charuco_calibration/data/detected_frames/frame_008310_detected.jpg,1,0,13,False,
8340,/Users/nilamaitrachaity/Desktop/equirectangular_charuco_calibration/data/raw_frames/frame_008340.jpg,,0,0,,False,
8370,/Users/nilamaitrachaity/Desktop/equirectangular_charuco_calibration/data/raw_frames/frame_008370.jpg,/Users/nilamaitrachaity/Desktop/equirectangular_charuco_calibration/data/detected_frames/frame_008370_detected.jpg,1,0,13,False,
8400,/Users/nilamaitrachaity/Desktop/equirectangular_charuco_calibration/data/raw_frames/frame_008400.jpg,/Users/nilamaitrachaity/Desktop/equirectangular_charuco_calibration/data/detected_frames/frame_008400_detected.jpg,2,1,2 6,False,
8430,/Users/nilamaitrachaity/Desktop/equirectangular_charuco_calibration/data/raw_frames/frame_008430.jpg,,0,0,,False,
8460,/Users/nilamaitrachaity/Desktop/equirectangular_charuco_calibration/data/raw_frames/frame_008460.jpg,,0,0,,False,
8490,/Users/nilamaitrachaity/Desktop/equirectangular_charuco_calibration/data/raw_frames/frame_008490.jpg,,0,0,,False,
8520,/Users/nilamaitrachaity/Desktop/equirectangular_charuco_calibration/data/raw_frames/frame_008520.jpg,/Users/nilamaitrachaity/Desktop/equirectangular_charuco_calibration/data/detected_frames/frame_008520_detected.jpg,1,0,6,False,
8550,/Users/nilamaitrachaity/Desktop/equirectangular_charuco_calibration/data/raw_frames/frame_008550.jpg,/Users/nilamaitrachaity/Desktop/equirectangular_charuco_calibration/data/detected_frames/frame_008550_detected.jpg,5,3,2 6 9 1 13,False,
8580,/Users/nilamaitrachaity/Desktop/equirectangular_charuco_calibration/data/raw_frames/frame_008580.jpg,,0,0,,False,
8610,/Users/nilamaitrachaity/Desktop/equirectangular_charuco_calibration/data/raw_frames/frame_008610.jpg,,0,0,,False,
8640,/Users/nilamaitrachaity/Desktop/equirectangular_charuco_calibration/data/raw_frames/frame_008640.jpg,/Users/nilamaitrachaity/Desktop/equirectangular_charuco_calibration/data/detected_frames/frame_008640_detected.jpg,3,2,1 5 8,False,
8670,/Users/nilamaitrachaity/Desktop/equirectangular_charuco_calibration/data/raw_frames/frame_008670.jpg,/Users/nilamaitrachaity/Desktop/equirectangular_charuco_calibration/data/detected_frames/frame_008670_detected.jpg,1,0,0,False,
8700,/Users/nilamaitrachaity/Desktop/equirectangular_charuco_calibration/data/raw_frames/frame_008700.jpg,,0,0,,False,
8730,/Users/nilamaitrachaity/Desktop/equirectangular_charuco_calibration/data/raw_frames/frame_008730.jpg,/Users/nilamaitrachaity/Desktop/equirectangular_charuco_calibration/data/detected_frames/frame_008730_detected.jpg,1,0,0,False,
8760,/Users/nilamaitrachaity/Desktop/equirectangular_charuco_calibration/data/raw_frames/frame_008760.jpg,/Users/nilamaitrachaity/Desktop/equirectangular_charuco_calibration/data/detected_frames/frame_008760_detected.jpg,1,0,0,False,
8790,/Users/nilamaitrachaity/Desktop/equirectangular_charuco_calibration/data/raw_frames/frame_008790.jpg,/Users/nilamaitrachaity/Desktop/equirectangular_charuco_calibration/data/detected_frames/frame_008790_detected.jpg,1,0,4,False,
8820,/Users/nilamaitrachaity/Desktop/equirectangular_charuco_calibration/data/raw_frames/frame_008820.jpg,/Users/nilamaitrachaity/Desktop/equirectangular_charuco_calibration/data/detected_frames/frame_008820_detected.jpg,4,3,0 4 5 8,False,
8850,/Users/nilamaitrachaity/Desktop/equirectangular_charuco_calibration/data/raw_frames/frame_008850.jpg,,0,0,,False,
8880,/Users/nilamaitrachaity/Desktop/equirectangular_charuco_calibration/data/raw_frames/frame_008880.jpg,,0,0,,False,
8910,/Users/nilamaitrachaity/Desktop/equirectangular_charuco_calibration/data/raw_frames/frame_008910.jpg,/Users/nilamaitrachaity/Desktop/equirectangular_charuco_calibration/data/detected_frames/frame_008910_detected.jpg,4,4,1 4 5 8,False,
8940,/Users/nilamaitrachaity/Desktop/equirectangular_charuco_calibration/data/raw_frames/frame_008940.jpg,/Users/nilamaitrachaity/Desktop/equirectangular_charuco_calibration/data/detected_frames/frame_008940_detected.jpg,3,1,0 1 5,False,
8970,/Users/nilamaitrachaity/Desktop/equirectangular_charuco_calibration/data/raw_frames/frame_008970.jpg,/Users/nilamaitrachaity/Desktop/equirectangular_charuco_calibration/data/detected_frames/frame_008970_detected.jpg,1,0,0,False,
9000,/Users/nilamaitrachaity/Desktop/equirectangular_charuco_calibration/data/raw_frames/frame_009000.jpg,,0,0,,False,
9030,/Users/nilamaitrachaity/Desktop/equirectangular_charuco_calibration/data/raw_frames/frame_009030.jpg,,0,0,,False,
9060,/Users/nilamaitrachaity/Desktop/equirectangular_charuco_calibration/data/raw_frames/frame_009060.jpg,/Users/nilamaitrachaity/Desktop/equirectangular_charuco_calibration/data/detected_frames/frame_009060_detected.jpg,1,0,1,False,
9090,/Users/nilamaitrachaity/Desktop/equirectangular_charuco_calibration/data/raw_frames/frame_009090.jpg,,0,0,,False,
9120,/Users/nilamaitrachaity/Desktop/equirectangular_charuco_calibration/data/raw_frames/frame_009120.jpg,/Users/nilamaitrachaity/Desktop/equirectangular_charuco_calibration/data/detected_frames/frame_009120_detected.jpg,1,0,4,False,
9150,/Users/nilamaitrachaity/Desktop/equirectangular_charuco_calibration/data/raw_frames/frame_009150.jpg,/Users/nilamaitrachaity/Desktop/equirectangular_charuco_calibration/data/detected_frames/frame_009150_detected.jpg,4,3,4 1 7 5,False,
9180,/Users/nilamaitrachaity/Desktop/equirectangular_charuco_calibration/data/raw_frames/frame_009180.jpg,/Users/nilamaitrachaity/Desktop/equirectangular_charuco_calibration/data/detected_frames/frame_009180_detected.jpg,7,7,1 4 7 5 8 11 17,True,
9210,/Users/nilamaitrachaity/Desktop/equirectangular_charuco_calibration/data/raw_frames/frame_009210.jpg,/Users/nilamaitrachaity/Desktop/equirectangular_charuco_calibration/data/detected_frames/frame_009210_detected.jpg,6,6,1 4 0 8 7 11,True,
9240,/Users/nilamaitrachaity/Desktop/equirectangular_charuco_calibration/data/raw_frames/frame_009240.jpg,/Users/nilamaitrachaity/Desktop/equirectangular_charuco_calibration/data/detected_frames/frame_009240_detected.jpg,9,9,5 2 1 8 12 4 11 15 21,True,
9270,/Users/nilamaitrachaity/Desktop/equirectangular_charuco_calibration/data/raw_frames/frame_009270.jpg,/Users/nilamaitrachaity/Desktop/equirectangular_charuco_calibration/data/detected_frames/frame_009270_detected.jpg,4,2,9 6 2 22,False,
9300,/Users/nilamaitrachaity/Desktop/equirectangular_charuco_calibration/data/raw_frames/frame_009300.jpg,/Users/nilamaitrachaity/Desktop/equirectangular_charuco_calibration/data/detected_frames/frame_009300_detected.jpg,2,0,6 15,False,
9330,/Users/nilamaitrachaity/Desktop/equirectangular_charuco_calibration/data/raw_frames/frame_009330.jpg,/Users/nilamaitrachaity/Desktop/equirectangular_charuco_calibration/data/detected_frames/frame_009330_detected.jpg,2,0,16 22,False,
9360,/Users/nilamaitrachaity/Desktop/equirectangular_charuco_calibration/data/raw_frames/frame_009360.jpg,/Users/nilamaitrachaity/Desktop/equirectangular_charuco_calibration/data/detected_frames/frame_009360_detected.jpg,3,2,16 19 13,False,
9390,/Users/nilamaitrachaity/Desktop/equirectangular_charuco_calibration/data/raw_frames/frame_009390.jpg,/Users/nilamaitrachaity/Desktop/equirectangular_charuco_calibration/data/detected_frames/frame_009390_detected.jpg,2,0,23 16,False,
9420,/Users/nilamaitrachaity/Desktop/equirectangular_charuco_calibration/data/raw_frames/frame_009420.jpg,/Users/nilamaitrachaity/Desktop/equirectangular_charuco_calibration/data/detected_frames/frame_009420_detected.jpg,2,0,23 16,False,
9450,/Users/nilamaitrachaity/Desktop/equirectangular_charuco_calibration/data/raw_frames/frame_009450.jpg,/Users/nilamaitrachaity/Desktop/equirectangular_charuco_calibration/data/detected_frames/frame_009450_detected.jpg,1,0,23,False,
9480,/Users/nilamaitrachaity/Desktop/equirectangular_charuco_calibration/data/raw_frames/frame_009480.jpg,/Users/nilamaitrachaity/Desktop/equirectangular_charuco_calibration/data/detected_frames/frame_009480_detected.jpg,3,2,16 20 23,False,
9510,/Users/nilamaitrachaity/Desktop/equirectangular_charuco_calibration/data/raw_frames/frame_009510.jpg,/Users/nilamaitrachaity/Desktop/equirectangular_charuco_calibration/data/detected_frames/frame_009510_detected.jpg,1,0,13,False,
9540,/Users/nilamaitrachaity/Desktop/equirectangular_charuco_calibration/data/raw_frames/frame_009540.jpg,/Users/nilamaitrachaity/Desktop/equirectangular_charuco_calibration/data/detected_frames/frame_009540_detected.jpg,1,0,2,False,
9570,/Users/nilamaitrachaity/Desktop/equirectangular_charuco_calibration/data/raw_frames/frame_009570.jpg,/Users/nilamaitrachaity/Desktop/equirectangular_charuco_calibration/data/detected_frames/frame_009570_detected.jpg,1,0,2,False,
9600,/Users/nilamaitrachaity/Desktop/equirectangular_charuco_calibration/data/raw_frames/frame_009600.jpg,/Users/nilamaitrachaity/Desktop/equirectangular_charuco_calibration/data/detected_frames/frame_009600_detected.jpg,2,1,6 2,False,
9630,/Users/nilamaitrachaity/Desktop/equirectangular_charuco_calibration/data/raw_frames/frame_009630.jpg,/Users/nilamaitrachaity/Desktop/equirectangular_charuco_calibration/data/detected_frames/frame_009630_detected.jpg,1,0,6,False,
9660,/Users/nilamaitrachaity/Desktop/equirectangular_charuco_calibration/data/raw_frames/frame_009660.jpg,,0,0,,False,
9690,/Users/nilamaitrachaity/Desktop/equirectangular_charuco_calibration/data/raw_frames/frame_009690.jpg,/Users/nilamaitrachaity/Desktop/equirectangular_charuco_calibration/data/detected_frames/frame_009690_detected.jpg,1,0,6,False,
9720,/Users/nilamaitrachaity/Desktop/equirectangular_charuco_calibration/data/raw_frames/frame_009720.jpg,/Users/nilamaitrachaity/Desktop/equirectangular_charuco_calibration/data/detected_frames/frame_009720_detected.jpg,4,2,9 13 12 19,False,
9750,/Users/nilamaitrachaity/Desktop/equirectangular_charuco_calibration/data/raw_frames/frame_009750.jpg,/Users/nilamaitrachaity/Desktop/equirectangular_charuco_calibration/data/detected_frames/frame_009750_detected.jpg,5,5,13 16 20 19 23,False,
9780,/Users/nilamaitrachaity/Desktop/equirectangular_charuco_calibration/data/raw_frames/frame_009780.jpg,/Users/nilamaitrachaity/Desktop/equirectangular_charuco_calibration/data/detected_frames/frame_009780_detected.jpg,2,0,23 16,False,
9810,/Users/nilamaitrachaity/Desktop/equirectangular_charuco_calibration/data/raw_frames/frame_009810.jpg,/Users/nilamaitrachaity/Desktop/equirectangular_charuco_calibration/data/detected_frames/frame_009810_detected.jpg,2,0,22 15,False,
9840,/Users/nilamaitrachaity/Desktop/equirectangular_charuco_calibration/data/raw_frames/frame_009840.jpg,,0,0,,False,
9870,/Users/nilamaitrachaity/Desktop/equirectangular_charuco_calibration/data/raw_frames/frame_009870.jpg,/Users/nilamaitrachaity/Desktop/equirectangular_charuco_calibration/data/detected_frames/frame_009870_detected.jpg,1,0,18,False,
9900,/Users/nilamaitrachaity/Desktop/equirectangular_charuco_calibration/data/raw_frames/frame_009900.jpg,/Users/nilamaitrachaity/Desktop/equirectangular_charuco_calibration/data/detected_frames/frame_009900_detected.jpg,3,2,18 22 15,False,
9930,/Users/nilamaitrachaity/Desktop/equirectangular_charuco_calibration/data/raw_frames/frame_009930.jpg,/Users/nilamaitrachaity/Desktop/equirectangular_charuco_calibration/data/detected_frames/frame_009930_detected.jpg,3,2,18 15 19,False,
9960,/Users/nilamaitrachaity/Desktop/equirectangular_charuco_calibration/data/raw_frames/frame_009960.jpg,/Users/nilamaitrachaity/Desktop/equirectangular_charuco_calibration/data/detected_frames/frame_009960_detected.jpg,2,1,18 22,False,
9990,/Users/nilamaitrachaity/Desktop/equirectangular_charuco_calibration/data/raw_frames/frame_009990.jpg,/Users/nilamaitrachaity/Desktop/equirectangular_charuco_calibration/data/detected_frames/frame_009990_detected.jpg,2,1,18 22,False,
10020,/Users/nilamaitrachaity/Desktop/equirectangular_charuco_calibration/data/raw_frames/frame_010020.jpg,,0,0,,False,
10050,/Users/nilamaitrachaity/Desktop/equirectangular_charuco_calibration/data/raw_frames/frame_010050.jpg,,0,0,,False,
10080,/Users/nilamaitrachaity/Desktop/equirectangular_charuco_calibration/data/raw_frames/frame_010080.jpg,,0,0,,False,
10110,/Users/nilamaitrachaity/Desktop/equirectangular_charuco_calibration/data/raw_frames/frame_010110.jpg,/Users/nilamaitrachaity/Desktop/equirectangular_charuco_calibration/data/detected_frames/frame_010110_detected.jpg,1,0,10,False,
10140,/Users/nilamaitrachaity/Desktop/equirectangular_charuco_calibration/data/raw_frames/frame_010140.jpg,/Users/nilamaitrachaity/Desktop/equirectangular_charuco_calibration/data/detected_frames/frame_010140_detected.jpg,4,2,15 12 11 5,False,
10170,/Users/nilamaitrachaity/Desktop/equirectangular_charuco_calibration/data/raw_frames/frame_010170.jpg,,0,0,,False,
10200,/Users/nilamaitrachaity/Desktop/equirectangular_charuco_calibration/data/raw_frames/frame_010200.jpg,,0,0,,False,
10230,/Users/nilamaitrachaity/Desktop/equirectangular_charuco_calibration/data/raw_frames/frame_010230.jpg,,0,0,,False,
10260,/Users/nilamaitrachaity/Desktop/equirectangular_charuco_calibration/data/raw_frames/frame_010260.jpg,,0,0,,False,
10290,/Users/nilamaitrachaity/Desktop/equirectangular_charuco_calibration/data/raw_frames/frame_010290.jpg,,0,0,,False,
10320,/Users/nilamaitrachaity/Desktop/equirectangular_charuco_calibration/data/raw_frames/frame_010320.jpg,,0,0,,False,
10350,/Users/nilamaitrachaity/Desktop/equirectangular_charuco_calibration/data/raw_frames/frame_010350.jpg,,0,0,,False,
10380,/Users/nilamaitrachaity/Desktop/equirectangular_charuco_calibration/data/raw_frames/frame_010380.jpg,,0,0,,False,
10410,/Users/nilamaitrachaity/Desktop/equirectangular_charuco_calibration/data/raw_frames/frame_010410.jpg,,0,0,,False,
10440,/Users/nilamaitrachaity/Desktop/equirectangular_charuco_calibration/data/raw_frames/frame_010440.jpg,/Users/nilamaitrachaity/Desktop/equirectangular_charuco_calibration/data/detected_frames/frame_010440_detected.jpg,3,1,6 9 4,False,
10470,/Users/nilamaitrachaity/Desktop/equirectangular_charuco_calibration/data/raw_frames/frame_010470.jpg,/Users/nilamaitrachaity/Desktop/equirectangular_charuco_calibration/data/detected_frames/frame_010470_detected.jpg,2,0,13 23,False,
10500,/Users/nilamaitrachaity/Desktop/equirectangular_charuco_calibration/data/raw_frames/frame_010500.jpg,/Users/nilamaitrachaity/Desktop/equirectangular_charuco_calibration/data/detected_frames/frame_010500_detected.jpg,5,3,8 4 15 1 19,False,
10530,/Users/nilamaitrachaity/Desktop/equirectangular_charuco_calibration/data/raw_frames/frame_010530.jpg,/Users/nilamaitrachaity/Desktop/equirectangular_charuco_calibration/data/detected_frames/frame_010530_detected.jpg,4,3,12 8 16 20,False,
10560,/Users/nilamaitrachaity/Desktop/equirectangular_charuco_calibration/data/raw_frames/frame_010560.jpg,/Users/nilamaitrachaity/Desktop/equirectangular_charuco_calibration/data/detected_frames/frame_010560_detected.jpg,7,7,9 16 13 19 20 22 23,True,
10590,/Users/nilamaitrachaity/Desktop/equirectangular_charuco_calibration/data/raw_frames/frame_010590.jpg,/Users/nilamaitrachaity/Desktop/equirectangular_charuco_calibration/data/detected_frames/frame_010590_detected.jpg,9,11,12 8 5 15 11 4 1 7 2,True,
10620,/Users/nilamaitrachaity/Desktop/equirectangular_charuco_calibration/data/raw_frames/frame_010620.jpg,/Users/nilamaitrachaity/Desktop/equirectangular_charuco_calibration/data/detected_frames/frame_010620_detected.jpg,7,6,11 18 14 10 3 17 21,True,
10650,/Users/nilamaitrachaity/Desktop/equirectangular_charuco_calibration/data/raw_frames/frame_010650.jpg,/Users/nilamaitrachaity/Desktop/equirectangular_charuco_calibration/data/detected_frames/frame_010650_detected.jpg,6,5,15 11 16 19 18 20,True,
10680,/Users/nilamaitrachaity/Desktop/equirectangular_charuco_calibration/data/raw_frames/frame_010680.jpg,/Users/nilamaitrachaity/Desktop/equirectangular_charuco_calibration/data/detected_frames/frame_010680_detected.jpg,2,1,9 13,False,
10710,/Users/nilamaitrachaity/Desktop/equirectangular_charuco_calibration/data/raw_frames/frame_010710.jpg,/Users/nilamaitrachaity/Desktop/equirectangular_charuco_calibration/data/detected_frames/frame_010710_detected.jpg,5,5,2 5 6 9 13,False,
10740,/Users/nilamaitrachaity/Desktop/equirectangular_charuco_calibration/data/raw_frames/frame_010740.jpg,,0,0,,False,
10770,/Users/nilamaitrachaity/Desktop/equirectangular_charuco_calibration/data/raw_frames/frame_010770.jpg,,0,0,,False,
10800,/Users/nilamaitrachaity/Desktop/equirectangular_charuco_calibration/data/raw_frames/frame_010800.jpg,,0,0,,False,
10830,/Users/nilamaitrachaity/Desktop/equirectangular_charuco_calibration/data/raw_frames/frame_010830.jpg,,0,0,,False,
10860,/Users/nilamaitrachaity/Desktop/equirectangular_charuco_calibration/data/raw_frames/frame_010860.jpg,,0,0,,False,
10890,/Users/nilamaitrachaity/Desktop/equirectangular_charuco_calibration/data/raw_frames/frame_010890.jpg,,0,0,,False,
10920,/Users/nilamaitrachaity/Desktop/equirectangular_charuco_calibration/data/raw_frames/frame_010920.jpg,,0,0,,False,
10950,/Users/nilamaitrachaity/Desktop/equirectangular_charuco_calibration/data/raw_frames/frame_010950.jpg,,0,0,,False,
10980,/Users/nilamaitrachaity/Desktop/equirectangular_charuco_calibration/data/raw_frames/frame_010980.jpg,,0,0,,False,
11010,/Users/nilamaitrachaity/Desktop/equirectangular_charuco_calibration/data/raw_frames/frame_011010.jpg,,0,0,,False,
11040,/Users/nilamaitrachaity/Desktop/equirectangular_charuco_calibration/data/raw_frames/frame_011040.jpg,,0,0,,False,
11070,/Users/nilamaitrachaity/Desktop/equirectangular_charuco_calibration/data/raw_frames/frame_011070.jpg,/Users/nilamaitrachaity/Desktop/equirectangular_charuco_calibration/data/detected_frames/frame_011070_detected.jpg,2,0,13 23,False,
11100,/Users/nilamaitrachaity/Desktop/equirectangular_charuco_calibration/data/raw_frames/frame_011100.jpg,/Users/nilamaitrachaity/Desktop/equirectangular_charuco_calibration/data/detected_frames/frame_011100_detected.jpg,1,0,13,False,
11130,/Users/nilamaitrachaity/Desktop/equirectangular_charuco_calibration/data/raw_frames/frame_011130.jpg,,0,0,,False,
